Date,Value
2021-03-20 12:35:00,nan
2021-03-20 12:35:00.250000,nan
2021-03-20 12:35:00.500000,nan
2021-03-20 12:35:00.750000,nan
2021-03-20 12:35:01,nan
2021-03-20 12:35:01.250000,nan
2021-03-20 12:35:01.500000,nan
2021-03-20 12:35:01.750000,nan
2021-03-20 12:35:02,nan
2021-03-20 12:35:02.250000,nan
2021-03-20 12:35:02.500000,nan
2021-03-20 12:35:02.750000,nan
2021-03-20 12:35:03,nan
2021-03-20 12:35:03.250000,nan
2021-03-20 12:35:03.500000,nan
2021-03-20 12:35:03.750000,nan
2021-03-20 12:35:04,nan
2021-03-20 12:35:04.250000,nan
2021-03-20 12:35:04.500000,nan
2021-03-20 12:35:04.750000,nan
2021-03-20 12:35:05,nan
2021-03-20 12:35:05.250000,nan
2021-03-20 12:35:05.500000,nan
2021-03-20 12:35:05.750000,nan
2021-03-20 12:35:06,nan
2021-03-20 12:35:06.250000,nan
2021-03-20 12:35:06.500000,nan
2021-03-20 12:35:06.750000,nan
2021-03-20 12:35:07,nan
2021-03-20 12:35:07.250000,nan
2021-03-20 12:35:07.500000,nan
2021-03-20 12:35:07.750000,nan
2021-03-20 12:35:08,nan
2021-03-20 12:35:08.250000,nan
2021-03-20 12:35:08.500000,nan
2021-03-20 12:35:08.750000,nan
2021-03-20 12:35:09,nan
2021-03-20 12:35:09.250000,nan
2021-03-20 12:35:09.500000,nan
2021-03-20 12:35:09.750000,nan
2021-03-20 12:35:10,nan
2021-03-20 12:35:10.250000,nan
2021-03-20 12:35:10.500000,nan
2021-03-20 12:35:10.750000,nan
2021-03-20 12:35:11,nan
2021-03-20 12:35:11.250000,nan
2021-03-20 12:35:11.500000,nan
2021-03-20 12:35:11.750000,nan
2021-03-20 12:35:12,nan
2021-03-20 12:35:12.250000,nan
2021-03-20 12:35:12.500000,nan
2021-03-20 12:35:12.750000,nan
2021-03-20 12:35:13,nan
2021-03-20 12:35:13.250000,nan
2021-03-20 12:35:13.500000,nan
2021-03-20 12:35:13.750000,nan
2021-03-20 12:35:14,nan
2021-03-20 12:35:14.250000,nan
2021-03-20 12:35:14.500000,nan
2021-03-20 12:35:14.750000,nan
2021-03-20 12:35:15,nan
2021-03-20 12:35:15.250000,nan
2021-03-20 12:35:15.500000,nan
2021-03-20 12:35:15.750000,nan
2021-03-20 12:35:16,nan
2021-03-20 12:35:16.250000,nan
2021-03-20 12:35:16.500000,nan
2021-03-20 12:35:16.750000,nan
2021-03-20 12:35:17,nan
2021-03-20 12:35:17.250000,nan
2021-03-20 12:35:17.500000,nan
2021-03-20 12:35:17.750000,nan
2021-03-20 12:35:18,nan
2021-03-20 12:35:18.250000,nan
2021-03-20 12:35:18.500000,nan
2021-03-20 12:35:18.750000,nan
2021-03-20 12:35:19,nan
2021-03-20 12:35:19.250000,nan
2021-03-20 12:35:19.500000,nan
2021-03-20 12:35:19.750000,nan
2021-03-20 12:35:20,nan
2021-03-20 12:35:20.250000,nan
2021-03-20 12:35:20.500000,nan
2021-03-20 12:35:20.750000,nan
2021-03-20 12:35:21,nan
2021-03-20 12:35:21.250000,nan
2021-03-20 12:35:21.500000,nan
2021-03-20 12:35:21.750000,nan
2021-03-20 12:35:22,nan
2021-03-20 12:35:22.250000,nan
2021-03-20 12:35:22.500000,nan
2021-03-20 12:35:22.750000,nan
2021-03-20 12:35:23,nan
2021-03-20 12:35:23.250000,nan
2021-03-20 12:35:23.500000,nan
2021-03-20 12:35:23.750000,nan
2021-03-20 12:35:24,nan
2021-03-20 12:35:24.250000,nan
2021-03-20 12:35:24.500000,nan
2021-03-20 12:35:24.750000,nan
2021-03-20 12:35:25,nan
2021-03-20 12:35:25.250000,nan
2021-03-20 12:35:25.500000,nan
2021-03-20 12:35:25.750000,nan
2021-03-20 12:35:26,nan
2021-03-20 12:35:26.250000,nan
2021-03-20 12:35:26.500000,nan
2021-03-20 12:35:26.750000,nan
2021-03-20 12:35:27,nan
2021-03-20 12:35:27.250000,nan
2021-03-20 12:35:27.500000,nan
2021-03-20 12:35:27.750000,nan
2021-03-20 12:35:28,nan
2021-03-20 12:35:28.250000,nan
2021-03-20 12:35:28.500000,nan
2021-03-20 12:35:28.750000,nan
2021-03-20 12:35:29,nan
2021-03-20 12:35:29.250000,nan
2021-03-20 12:35:29.500000,nan
2021-03-20 12:35:29.750000,nan
2021-03-20 12:35:30,nan
2021-03-20 12:35:30.250000,nan
2021-03-20 12:35:30.500000,nan
2021-03-20 12:35:30.750000,nan
2021-03-20 12:35:31,nan
2021-03-20 12:35:31.250000,nan
2021-03-20 12:35:31.500000,nan
2021-03-20 12:35:31.750000,nan
2021-03-20 12:35:32,nan
2021-03-20 12:35:32.250000,nan
2021-03-20 12:35:32.500000,nan
2021-03-20 12:35:32.750000,nan
2021-03-20 12:35:33,nan
2021-03-20 12:35:33.250000,nan
2021-03-20 12:35:33.500000,nan
2021-03-20 12:35:33.750000,nan
2021-03-20 12:35:34,nan
2021-03-20 12:35:34.250000,nan
2021-03-20 12:35:34.500000,nan
2021-03-20 12:35:34.750000,nan
2021-03-20 12:35:35,nan
2021-03-20 12:35:35.250000,nan
2021-03-20 12:35:35.500000,nan
2021-03-20 12:35:35.750000,nan
2021-03-20 12:35:36,nan
2021-03-20 12:35:36.250000,nan
2021-03-20 12:35:36.500000,nan
2021-03-20 12:35:36.750000,nan
2021-03-20 12:35:37,nan
2021-03-20 12:35:37.250000,nan
2021-03-20 12:35:37.500000,nan
2021-03-20 12:35:37.750000,nan
2021-03-20 12:35:38,nan
2021-03-20 12:35:38.250000,nan
2021-03-20 12:35:38.500000,nan
2021-03-20 12:35:38.750000,nan
2021-03-20 12:35:39,nan
2021-03-20 12:35:39.250000,nan
2021-03-20 12:35:39.500000,nan
2021-03-20 12:35:39.750000,nan
2021-03-20 12:35:40,nan
2021-03-20 12:35:40.250000,nan
2021-03-20 12:35:40.500000,nan
2021-03-20 12:35:40.750000,nan
2021-03-20 12:35:41,nan
2021-03-20 12:35:41.250000,nan
2021-03-20 12:35:41.500000,nan
2021-03-20 12:35:41.750000,nan
2021-03-20 12:35:42,nan
2021-03-20 12:35:42.250000,nan
2021-03-20 12:35:42.500000,nan
2021-03-20 12:35:42.750000,nan
2021-03-20 12:35:43,nan
2021-03-20 12:35:43.250000,nan
2021-03-20 12:35:43.500000,nan
2021-03-20 12:35:43.750000,nan
2021-03-20 12:35:44,nan
2021-03-20 12:35:44.250000,nan
2021-03-20 12:35:44.500000,nan
2021-03-20 12:35:44.750000,nan
2021-03-20 12:35:45,nan
2021-03-20 12:35:45.250000,nan
2021-03-20 12:35:45.500000,nan
2021-03-20 12:35:45.750000,nan
2021-03-20 12:35:46,nan
2021-03-20 12:35:46.250000,nan
2021-03-20 12:35:46.500000,nan
2021-03-20 12:35:46.750000,nan
2021-03-20 12:35:47,nan
2021-03-20 12:35:47.250000,nan
2021-03-20 12:35:47.500000,nan
2021-03-20 12:35:47.750000,nan
2021-03-20 12:35:48,nan
2021-03-20 12:35:48.250000,nan
2021-03-20 12:35:48.500000,nan
2021-03-20 12:35:48.750000,nan
2021-03-20 12:35:49,nan
2021-03-20 12:35:49.250000,nan
2021-03-20 12:35:49.500000,nan
2021-03-20 12:35:49.750000,nan
2021-03-20 12:35:50,nan
2021-03-20 12:35:50.250000,nan
2021-03-20 12:35:50.500000,nan
2021-03-20 12:35:50.750000,nan
2021-03-20 12:35:51,nan
2021-03-20 12:35:51.250000,nan
2021-03-20 12:35:51.500000,nan
2021-03-20 12:35:51.750000,nan
2021-03-20 12:35:52,nan
2021-03-20 12:35:52.250000,nan
2021-03-20 12:35:52.500000,nan
2021-03-20 12:35:52.750000,nan
2021-03-20 12:35:53,nan
2021-03-20 12:35:53.250000,nan
2021-03-20 12:35:53.500000,nan
2021-03-20 12:35:53.750000,nan
2021-03-20 12:35:54,nan
2021-03-20 12:35:54.250000,nan
2021-03-20 12:35:54.500000,nan
2021-03-20 12:35:54.750000,nan
2021-03-20 12:35:55,nan
2021-03-20 12:35:55.250000,nan
2021-03-20 12:35:55.500000,nan
2021-03-20 12:35:55.750000,nan
2021-03-20 12:35:56,nan
2021-03-20 12:35:56.250000,nan
2021-03-20 12:35:56.500000,nan
2021-03-20 12:35:56.750000,nan
2021-03-20 12:35:57,nan
2021-03-20 12:35:57.250000,nan
2021-03-20 12:35:57.500000,nan
2021-03-20 12:35:57.750000,nan
2021-03-20 12:35:58,nan
2021-03-20 12:35:58.250000,nan
2021-03-20 12:35:58.500000,nan
2021-03-20 12:35:58.750000,nan
2021-03-20 12:35:59,nan
2021-03-20 12:35:59.250000,nan
2021-03-20 12:35:59.500000,nan
2021-03-20 12:35:59.750000,nan
2021-03-20 12:36:00,nan
2021-03-20 12:36:00.250000,nan
2021-03-20 12:36:00.500000,nan
2021-03-20 12:36:00.750000,nan
2021-03-20 12:36:01,nan
2021-03-20 12:36:01.250000,nan
2021-03-20 12:36:01.500000,nan
2021-03-20 12:36:01.750000,nan
2021-03-20 12:36:02,nan
2021-03-20 12:36:02.250000,nan
2021-03-20 12:36:02.500000,nan
2021-03-20 12:36:02.750000,nan
2021-03-20 12:36:03,nan
2021-03-20 12:36:03.250000,nan
2021-03-20 12:36:03.500000,nan
2021-03-20 12:36:03.750000,nan
2021-03-20 12:36:04,nan
2021-03-20 12:36:04.250000,nan
2021-03-20 12:36:04.500000,nan
2021-03-20 12:36:04.750000,nan
2021-03-20 12:36:05,nan
2021-03-20 12:36:05.250000,nan
2021-03-20 12:36:05.500000,nan
2021-03-20 12:36:05.750000,nan
2021-03-20 12:36:06,nan
2021-03-20 12:36:06.250000,nan
2021-03-20 12:36:06.500000,nan
2021-03-20 12:36:06.750000,nan
2021-03-20 12:36:07,nan
2021-03-20 12:36:07.250000,nan
2021-03-20 12:36:07.500000,nan
2021-03-20 12:36:07.750000,nan
2021-03-20 12:36:08,nan
2021-03-20 12:36:08.250000,nan
2021-03-20 12:36:08.500000,nan
2021-03-20 12:36:08.750000,nan
2021-03-20 12:36:09,nan
2021-03-20 12:36:09.250000,nan
2021-03-20 12:36:09.500000,nan
2021-03-20 12:36:09.750000,nan
2021-03-20 12:36:10,nan
2021-03-20 12:36:10.250000,nan
2021-03-20 12:36:10.500000,nan
2021-03-20 12:36:10.750000,nan
2021-03-20 12:36:11,nan
2021-03-20 12:36:11.250000,nan
2021-03-20 12:36:11.500000,nan
2021-03-20 12:36:11.750000,nan
2021-03-20 12:36:12,nan
2021-03-20 12:36:12.250000,nan
2021-03-20 12:36:12.500000,nan
2021-03-20 12:36:12.750000,nan
2021-03-20 12:36:13,nan
2021-03-20 12:36:13.250000,nan
2021-03-20 12:36:13.500000,nan
2021-03-20 12:36:13.750000,nan
2021-03-20 12:36:14,nan
2021-03-20 12:36:14.250000,nan
2021-03-20 12:36:14.500000,nan
2021-03-20 12:36:14.750000,nan
2021-03-20 12:36:15,nan
2021-03-20 12:36:15.250000,nan
2021-03-20 12:36:15.500000,nan
2021-03-20 12:36:15.750000,nan
2021-03-20 12:36:16,nan
2021-03-20 12:36:16.250000,nan
2021-03-20 12:36:16.500000,nan
2021-03-20 12:36:16.750000,nan
2021-03-20 12:36:17,nan
2021-03-20 12:36:17.250000,nan
2021-03-20 12:36:17.500000,nan
2021-03-20 12:36:17.750000,nan
2021-03-20 12:36:18,nan
2021-03-20 12:36:18.250000,nan
2021-03-20 12:36:18.500000,nan
2021-03-20 12:36:18.750000,nan
2021-03-20 12:36:19,nan
2021-03-20 12:36:19.250000,nan
2021-03-20 12:36:19.500000,nan
2021-03-20 12:36:19.750000,nan
2021-03-20 12:36:20,nan
2021-03-20 12:36:20.250000,nan
2021-03-20 12:36:20.500000,nan
2021-03-20 12:36:20.750000,nan
2021-03-20 12:36:21,nan
2021-03-20 12:36:21.250000,nan
2021-03-20 12:36:21.500000,nan
2021-03-20 12:36:21.750000,nan
2021-03-20 12:36:22,nan
2021-03-20 12:36:22.250000,nan
2021-03-20 12:36:22.500000,nan
2021-03-20 12:36:22.750000,nan
2021-03-20 12:36:23,nan
2021-03-20 12:36:23.250000,nan
2021-03-20 12:36:23.500000,nan
2021-03-20 12:36:23.750000,nan
2021-03-20 12:36:24,nan
2021-03-20 12:36:24.250000,nan
2021-03-20 12:36:24.500000,nan
2021-03-20 12:36:24.750000,nan
2021-03-20 12:36:25,nan
2021-03-20 12:36:25.250000,nan
2021-03-20 12:36:25.500000,nan
2021-03-20 12:36:25.750000,nan
2021-03-20 12:36:26,nan
2021-03-20 12:36:26.250000,nan
2021-03-20 12:36:26.500000,nan
2021-03-20 12:36:26.750000,nan
2021-03-20 12:36:27,nan
2021-03-20 12:36:27.250000,nan
2021-03-20 12:36:27.500000,nan
2021-03-20 12:36:27.750000,nan
2021-03-20 12:36:28,nan
2021-03-20 12:36:28.250000,nan
2021-03-20 12:36:28.500000,nan
2021-03-20 12:36:28.750000,nan
2021-03-20 12:36:29,nan
2021-03-20 12:36:29.250000,nan
2021-03-20 12:36:29.500000,nan
2021-03-20 12:36:29.750000,nan
2021-03-20 12:36:30,nan
2021-03-20 12:36:30.250000,nan
2021-03-20 12:36:30.500000,nan
2021-03-20 12:36:30.750000,nan
2021-03-20 12:36:31,nan
2021-03-20 12:36:31.250000,nan
2021-03-20 12:36:31.500000,nan
2021-03-20 12:36:31.750000,nan
2021-03-20 12:36:32,nan
2021-03-20 12:36:32.250000,nan
2021-03-20 12:36:32.500000,nan
2021-03-20 12:36:32.750000,nan
2021-03-20 12:36:33,nan
2021-03-20 12:36:33.250000,nan
2021-03-20 12:36:33.500000,nan
2021-03-20 12:36:33.750000,nan
2021-03-20 12:36:34,nan
2021-03-20 12:36:34.250000,nan
2021-03-20 12:36:34.500000,nan
2021-03-20 12:36:34.750000,nan
2021-03-20 12:36:35,nan
2021-03-20 12:36:35.250000,nan
2021-03-20 12:36:35.500000,nan
2021-03-20 12:36:35.750000,nan
2021-03-20 12:36:36,nan
2021-03-20 12:36:36.250000,nan
2021-03-20 12:36:36.500000,nan
2021-03-20 12:36:36.750000,nan
2021-03-20 12:36:37,nan
2021-03-20 12:36:37.250000,nan
2021-03-20 12:36:37.500000,nan
2021-03-20 12:36:37.750000,nan
2021-03-20 12:36:38,nan
2021-03-20 12:36:38.250000,nan
2021-03-20 12:36:38.500000,nan
2021-03-20 12:36:38.750000,nan
2021-03-20 12:36:39,nan
2021-03-20 12:36:39.250000,nan
2021-03-20 12:36:39.500000,nan
2021-03-20 12:36:39.750000,nan
2021-03-20 12:36:40,nan
2021-03-20 12:36:40.250000,nan
2021-03-20 12:36:40.500000,nan
2021-03-20 12:36:40.750000,nan
2021-03-20 12:36:41,nan
2021-03-20 12:36:41.250000,nan
2021-03-20 12:36:41.500000,nan
2021-03-20 12:36:41.750000,nan
2021-03-20 12:36:42,nan
2021-03-20 12:36:42.250000,nan
2021-03-20 12:36:42.500000,nan
2021-03-20 12:36:42.750000,nan
2021-03-20 12:36:43,nan
2021-03-20 12:36:43.250000,nan
2021-03-20 12:36:43.500000,nan
2021-03-20 12:36:43.750000,nan
2021-03-20 12:36:44,nan
2021-03-20 12:36:44.250000,nan
2021-03-20 12:36:44.500000,nan
2021-03-20 12:36:44.750000,nan
2021-03-20 12:36:45,nan
2021-03-20 12:36:45.250000,nan
2021-03-20 12:36:45.500000,nan
2021-03-20 12:36:45.750000,nan
2021-03-20 12:36:46,nan
2021-03-20 12:36:46.250000,nan
2021-03-20 12:36:46.500000,nan
2021-03-20 12:36:46.750000,nan
2021-03-20 12:36:47,nan
2021-03-20 12:36:47.250000,nan
2021-03-20 12:36:47.500000,nan
2021-03-20 12:36:47.750000,nan
2021-03-20 12:36:48,nan
2021-03-20 12:36:48.250000,nan
2021-03-20 12:36:48.500000,nan
2021-03-20 12:36:48.750000,nan
2021-03-20 12:36:49,nan
2021-03-20 12:36:49.250000,nan
2021-03-20 12:36:49.500000,nan
2021-03-20 12:36:49.750000,nan
2021-03-20 12:36:50,nan
2021-03-20 12:36:50.250000,nan
2021-03-20 12:36:50.500000,nan
2021-03-20 12:36:50.750000,nan
2021-03-20 12:36:51,nan
2021-03-20 12:36:51.250000,nan
2021-03-20 12:36:51.500000,nan
2021-03-20 12:36:51.750000,nan
2021-03-20 12:36:52,nan
2021-03-20 12:36:52.250000,nan
2021-03-20 12:36:52.500000,nan
2021-03-20 12:36:52.750000,nan
2021-03-20 12:36:53,nan
2021-03-20 12:36:53.250000,nan
2021-03-20 12:36:53.500000,nan
2021-03-20 12:36:53.750000,nan
2021-03-20 12:36:54,nan
2021-03-20 12:36:54.250000,nan
2021-03-20 12:36:54.500000,nan
2021-03-20 12:36:54.750000,nan
2021-03-20 12:36:55,nan
2021-03-20 12:36:55.250000,nan
2021-03-20 12:36:55.500000,nan
2021-03-20 12:36:55.750000,nan
2021-03-20 12:36:56,nan
2021-03-20 12:36:56.250000,nan
2021-03-20 12:36:56.500000,nan
2021-03-20 12:36:56.750000,nan
2021-03-20 12:36:57,nan
2021-03-20 12:36:57.250000,nan
2021-03-20 12:36:57.500000,nan
2021-03-20 12:36:57.750000,nan
2021-03-20 12:36:58,nan
2021-03-20 12:36:58.250000,nan
2021-03-20 12:36:58.500000,nan
2021-03-20 12:36:58.750000,nan
2021-03-20 12:36:59,nan
2021-03-20 12:36:59.250000,nan
2021-03-20 12:36:59.500000,nan
2021-03-20 12:36:59.750000,nan
2021-03-20 12:37:00,nan
2021-03-20 12:37:00.250000,nan
2021-03-20 12:37:00.500000,nan
2021-03-20 12:37:00.750000,nan
2021-03-20 12:37:01,nan
2021-03-20 12:37:01.250000,nan
2021-03-20 12:37:01.500000,nan
2021-03-20 12:37:01.750000,nan
2021-03-20 12:37:02,nan
2021-03-20 12:37:02.250000,nan
2021-03-20 12:37:02.500000,nan
2021-03-20 12:37:02.750000,nan
2021-03-20 12:37:03,nan
2021-03-20 12:37:03.250000,nan
2021-03-20 12:37:03.500000,nan
2021-03-20 12:37:03.750000,nan
2021-03-20 12:37:04,nan
2021-03-20 12:37:04.250000,nan
2021-03-20 12:37:04.500000,nan
2021-03-20 12:37:04.750000,nan
2021-03-20 12:37:05,nan
2021-03-20 12:37:05.250000,nan
2021-03-20 12:37:05.500000,nan
2021-03-20 12:37:05.750000,nan
2021-03-20 12:37:06,nan
2021-03-20 12:37:06.250000,nan
2021-03-20 12:37:06.500000,nan
2021-03-20 12:37:06.750000,nan
2021-03-20 12:37:07,nan
2021-03-20 12:37:07.250000,nan
2021-03-20 12:37:07.500000,nan
2021-03-20 12:37:07.750000,nan
2021-03-20 12:37:08,nan
2021-03-20 12:37:08.250000,nan
2021-03-20 12:37:08.500000,nan
2021-03-20 12:37:08.750000,nan
2021-03-20 12:37:09,nan
2021-03-20 12:37:09.250000,nan
2021-03-20 12:37:09.500000,nan
2021-03-20 12:37:09.750000,nan
2021-03-20 12:37:10,nan
2021-03-20 12:37:10.250000,nan
2021-03-20 12:37:10.500000,nan
2021-03-20 12:37:10.750000,nan
2021-03-20 12:37:11,nan
2021-03-20 12:37:11.250000,nan
2021-03-20 12:37:11.500000,nan
2021-03-20 12:37:11.750000,nan
2021-03-20 12:37:12,nan
2021-03-20 12:37:12.250000,nan
2021-03-20 12:37:12.500000,nan
2021-03-20 12:37:12.750000,nan
2021-03-20 12:37:13,nan
2021-03-20 12:37:13.250000,nan
2021-03-20 12:37:13.500000,nan
2021-03-20 12:37:13.750000,nan
2021-03-20 12:37:14,nan
2021-03-20 12:37:14.250000,nan
2021-03-20 12:37:14.500000,nan
2021-03-20 12:37:14.750000,nan
2021-03-20 12:37:15,nan
2021-03-20 12:37:15.250000,nan
2021-03-20 12:37:15.500000,nan
2021-03-20 12:37:15.750000,nan
2021-03-20 12:37:16,nan
2021-03-20 12:37:16.250000,nan
2021-03-20 12:37:16.500000,nan
2021-03-20 12:37:16.750000,nan
2021-03-20 12:37:17,nan
2021-03-20 12:37:17.250000,nan
2021-03-20 12:37:17.500000,nan
2021-03-20 12:37:17.750000,nan
2021-03-20 12:37:18,nan
2021-03-20 12:37:18.250000,nan
2021-03-20 12:37:18.500000,nan
2021-03-20 12:37:18.750000,nan
2021-03-20 12:37:19,nan
2021-03-20 12:37:19.250000,nan
2021-03-20 12:37:19.500000,nan
2021-03-20 12:37:19.750000,nan
2021-03-20 12:37:20,nan
2021-03-20 12:37:20.250000,nan
2021-03-20 12:37:20.500000,nan
2021-03-20 12:37:20.750000,nan
2021-03-20 12:37:21,nan
2021-03-20 12:37:21.250000,nan
2021-03-20 12:37:21.500000,nan
2021-03-20 12:37:21.750000,nan
2021-03-20 12:37:22,nan
2021-03-20 12:37:22.250000,nan
2021-03-20 12:37:22.500000,nan
2021-03-20 12:37:22.750000,nan
2021-03-20 12:37:23,nan
2021-03-20 12:37:23.250000,nan
2021-03-20 12:37:23.500000,nan
2021-03-20 12:37:23.750000,nan
2021-03-20 12:37:24,nan
2021-03-20 12:37:24.250000,nan
2021-03-20 12:37:24.500000,nan
2021-03-20 12:37:24.750000,nan
2021-03-20 12:37:25,nan
2021-03-20 12:37:25.250000,nan
2021-03-20 12:37:25.500000,nan
2021-03-20 12:37:25.750000,nan
2021-03-20 12:37:26,nan
2021-03-20 12:37:26.250000,nan
2021-03-20 12:37:26.500000,nan
2021-03-20 12:37:26.750000,nan
2021-03-20 12:37:27,nan
2021-03-20 12:37:27.250000,nan
2021-03-20 12:37:27.500000,nan
2021-03-20 12:37:27.750000,nan
2021-03-20 12:37:28,nan
2021-03-20 12:37:28.250000,nan
2021-03-20 12:37:28.500000,nan
2021-03-20 12:37:28.750000,nan
2021-03-20 12:37:29,nan
2021-03-20 12:37:29.250000,nan
2021-03-20 12:37:29.500000,nan
2021-03-20 12:37:29.750000,nan
2021-03-20 12:37:30,nan
2021-03-20 12:37:30.250000,nan
2021-03-20 12:37:30.500000,nan
2021-03-20 12:37:30.750000,nan
2021-03-20 12:37:31,nan
2021-03-20 12:37:31.250000,nan
2021-03-20 12:37:31.500000,nan
2021-03-20 12:37:31.750000,nan
2021-03-20 12:37:32,nan
2021-03-20 12:37:32.250000,nan
2021-03-20 12:37:32.500000,nan
2021-03-20 12:37:32.750000,nan
2021-03-20 12:37:33,nan
2021-03-20 12:37:33.250000,nan
2021-03-20 12:37:33.500000,nan
2021-03-20 12:37:33.750000,nan
2021-03-20 12:37:34,nan
2021-03-20 12:37:34.250000,nan
2021-03-20 12:37:34.500000,nan
2021-03-20 12:37:34.750000,nan
2021-03-20 12:37:35,nan
2021-03-20 12:37:35.250000,nan
2021-03-20 12:37:35.500000,nan
2021-03-20 12:37:35.750000,nan
2021-03-20 12:37:36,nan
2021-03-20 12:37:36.250000,nan
2021-03-20 12:37:36.500000,nan
2021-03-20 12:37:36.750000,nan
2021-03-20 12:37:37,nan
2021-03-20 12:37:37.250000,nan
2021-03-20 12:37:37.500000,nan
2021-03-20 12:37:37.750000,nan
2021-03-20 12:37:38,nan
2021-03-20 12:37:38.250000,nan
2021-03-20 12:37:38.500000,nan
2021-03-20 12:37:38.750000,nan
2021-03-20 12:37:39,nan
2021-03-20 12:37:39.250000,nan
2021-03-20 12:37:39.500000,nan
2021-03-20 12:37:39.750000,nan
2021-03-20 12:37:40,nan
2021-03-20 12:37:40.250000,nan
2021-03-20 12:37:40.500000,nan
2021-03-20 12:37:40.750000,nan
2021-03-20 12:37:41,nan
2021-03-20 12:37:41.250000,nan
2021-03-20 12:37:41.500000,nan
2021-03-20 12:37:41.750000,nan
2021-03-20 12:37:42,nan
2021-03-20 12:37:42.250000,nan
2021-03-20 12:37:42.500000,nan
2021-03-20 12:37:42.750000,nan
2021-03-20 12:37:43,nan
2021-03-20 12:37:43.250000,nan
2021-03-20 12:37:43.500000,nan
2021-03-20 12:37:43.750000,nan
2021-03-20 12:37:44,nan
2021-03-20 12:37:44.250000,nan
2021-03-20 12:37:44.500000,nan
2021-03-20 12:37:44.750000,nan
2021-03-20 12:37:45,nan
2021-03-20 12:37:45.250000,nan
2021-03-20 12:37:45.500000,nan
2021-03-20 12:37:45.750000,nan
2021-03-20 12:37:46,nan
2021-03-20 12:37:46.250000,nan
2021-03-20 12:37:46.500000,nan
2021-03-20 12:37:46.750000,nan
2021-03-20 12:37:47,nan
2021-03-20 12:37:47.250000,nan
2021-03-20 12:37:47.500000,nan
2021-03-20 12:37:47.750000,nan
2021-03-20 12:37:48,nan
2021-03-20 12:37:48.250000,nan
2021-03-20 12:37:48.500000,nan
2021-03-20 12:37:48.750000,nan
2021-03-20 12:37:49,nan
2021-03-20 12:37:49.250000,nan
2021-03-20 12:37:49.500000,nan
2021-03-20 12:37:49.750000,nan
2021-03-20 12:37:50,nan
2021-03-20 12:37:50.250000,nan
2021-03-20 12:37:50.500000,nan
2021-03-20 12:37:50.750000,nan
2021-03-20 12:37:51,nan
2021-03-20 12:37:51.250000,nan
2021-03-20 12:37:51.500000,nan
2021-03-20 12:37:51.750000,nan
2021-03-20 12:37:52,nan
2021-03-20 12:37:52.250000,nan
2021-03-20 12:37:52.500000,nan
2021-03-20 12:37:52.750000,nan
2021-03-20 12:37:53,nan
2021-03-20 12:37:53.250000,nan
2021-03-20 12:37:53.500000,nan
2021-03-20 12:37:53.750000,nan
2021-03-20 12:37:54,nan
2021-03-20 12:37:54.250000,nan
2021-03-20 12:37:54.500000,nan
2021-03-20 12:37:54.750000,nan
2021-03-20 12:37:55,nan
2021-03-20 12:37:55.250000,nan
2021-03-20 12:37:55.500000,nan
2021-03-20 12:37:55.750000,nan
2021-03-20 12:37:56,nan
2021-03-20 12:37:56.250000,nan
2021-03-20 12:37:56.500000,nan
2021-03-20 12:37:56.750000,nan
2021-03-20 12:37:57,nan
2021-03-20 12:37:57.250000,nan
2021-03-20 12:37:57.500000,nan
2021-03-20 12:37:57.750000,nan
2021-03-20 12:37:58,nan
2021-03-20 12:37:58.250000,nan
2021-03-20 12:37:58.500000,nan
2021-03-20 12:37:58.750000,nan
2021-03-20 12:37:59,nan
2021-03-20 12:37:59.250000,nan
2021-03-20 12:37:59.500000,nan
2021-03-20 12:37:59.750000,nan
2021-03-20 12:38:00,nan
2021-03-20 12:38:00.250000,nan
2021-03-20 12:38:00.500000,nan
2021-03-20 12:38:00.750000,nan
2021-03-20 12:38:01,nan
2021-03-20 12:38:01.250000,nan
2021-03-20 12:38:01.500000,nan
2021-03-20 12:38:01.750000,nan
2021-03-20 12:38:02,nan
2021-03-20 12:38:02.250000,nan
2021-03-20 12:38:02.500000,nan
2021-03-20 12:38:02.750000,nan
2021-03-20 12:38:03,nan
2021-03-20 12:38:03.250000,nan
2021-03-20 12:38:03.500000,nan
2021-03-20 12:38:03.750000,nan
2021-03-20 12:38:04,nan
2021-03-20 12:38:04.250000,nan
2021-03-20 12:38:04.500000,nan
2021-03-20 12:38:04.750000,nan
2021-03-20 12:38:05,nan
2021-03-20 12:38:05.250000,nan
2021-03-20 12:38:05.500000,nan
2021-03-20 12:38:05.750000,nan
2021-03-20 12:38:06,nan
2021-03-20 12:38:06.250000,nan
2021-03-20 12:38:06.500000,nan
2021-03-20 12:38:06.750000,nan
2021-03-20 12:38:07,nan
2021-03-20 12:38:07.250000,nan
2021-03-20 12:38:07.500000,nan
2021-03-20 12:38:07.750000,nan
2021-03-20 12:38:08,nan
2021-03-20 12:38:08.250000,nan
2021-03-20 12:38:08.500000,nan
2021-03-20 12:38:08.750000,nan
2021-03-20 12:38:09,nan
2021-03-20 12:38:09.250000,nan
2021-03-20 12:38:09.500000,nan
2021-03-20 12:38:09.750000,nan
2021-03-20 12:38:10,nan
2021-03-20 12:38:10.250000,nan
2021-03-20 12:38:10.500000,nan
2021-03-20 12:38:10.750000,nan
2021-03-20 12:38:11,nan
2021-03-20 12:38:11.250000,nan
2021-03-20 12:38:11.500000,nan
2021-03-20 12:38:11.750000,nan
2021-03-20 12:38:12,nan
2021-03-20 12:38:12.250000,nan
2021-03-20 12:38:12.500000,nan
2021-03-20 12:38:12.750000,nan
2021-03-20 12:38:13,nan
2021-03-20 12:38:13.250000,nan
2021-03-20 12:38:13.500000,nan
2021-03-20 12:38:13.750000,nan
2021-03-20 12:38:14,nan
2021-03-20 12:38:14.250000,nan
2021-03-20 12:38:14.500000,nan
2021-03-20 12:38:14.750000,nan
2021-03-20 12:38:15,nan
2021-03-20 12:38:15.250000,nan
2021-03-20 12:38:15.500000,nan
2021-03-20 12:38:15.750000,nan
2021-03-20 12:38:16,nan
2021-03-20 12:38:16.250000,nan
2021-03-20 12:38:16.500000,nan
2021-03-20 12:38:16.750000,nan
2021-03-20 12:38:17,nan
2021-03-20 12:38:17.250000,nan
2021-03-20 12:38:17.500000,nan
2021-03-20 12:38:17.750000,nan
2021-03-20 12:38:18,nan
2021-03-20 12:38:18.250000,nan
2021-03-20 12:38:18.500000,nan
2021-03-20 12:38:18.750000,nan
2021-03-20 12:38:19,nan
2021-03-20 12:38:19.250000,nan
2021-03-20 12:38:19.500000,nan
2021-03-20 12:38:19.750000,nan
2021-03-20 12:38:20,nan
2021-03-20 12:38:20.250000,nan
2021-03-20 12:38:20.500000,nan
2021-03-20 12:38:20.750000,nan
2021-03-20 12:38:21,nan
2021-03-20 12:38:21.250000,nan
2021-03-20 12:38:21.500000,nan
2021-03-20 12:38:21.750000,nan
2021-03-20 12:38:22,nan
2021-03-20 12:38:22.250000,nan
2021-03-20 12:38:22.500000,nan
2021-03-20 12:38:22.750000,nan
2021-03-20 12:38:23,nan
2021-03-20 12:38:23.250000,nan
2021-03-20 12:38:23.500000,nan
2021-03-20 12:38:23.750000,nan
2021-03-20 12:38:24,nan
2021-03-20 12:38:24.250000,nan
2021-03-20 12:38:24.500000,nan
2021-03-20 12:38:24.750000,nan
2021-03-20 12:38:25,nan
2021-03-20 12:38:25.250000,nan
2021-03-20 12:38:25.500000,nan
2021-03-20 12:38:25.750000,nan
2021-03-20 12:38:26,nan
2021-03-20 12:38:26.250000,nan
2021-03-20 12:38:26.500000,nan
2021-03-20 12:38:26.750000,nan
2021-03-20 12:38:27,nan
2021-03-20 12:38:27.250000,nan
2021-03-20 12:38:27.500000,nan
2021-03-20 12:38:27.750000,nan
2021-03-20 12:38:28,nan
2021-03-20 12:38:28.250000,nan
2021-03-20 12:38:28.500000,nan
2021-03-20 12:38:28.750000,nan
2021-03-20 12:38:29,nan
2021-03-20 12:38:29.250000,nan
2021-03-20 12:38:29.500000,nan
2021-03-20 12:38:29.750000,nan
2021-03-20 12:38:30,nan
2021-03-20 12:38:30.250000,nan
2021-03-20 12:38:30.500000,nan
2021-03-20 12:38:30.750000,nan
2021-03-20 12:38:31,nan
2021-03-20 12:38:31.250000,nan
2021-03-20 12:38:31.500000,nan
2021-03-20 12:38:31.750000,nan
2021-03-20 12:38:32,nan
2021-03-20 12:38:32.250000,nan
2021-03-20 12:38:32.500000,nan
2021-03-20 12:38:32.750000,nan
2021-03-20 12:38:33,nan
2021-03-20 12:38:33.250000,nan
2021-03-20 12:38:33.500000,nan
2021-03-20 12:38:33.750000,nan
2021-03-20 12:38:34,nan
2021-03-20 12:38:34.250000,nan
2021-03-20 12:38:34.500000,nan
2021-03-20 12:38:34.750000,nan
2021-03-20 12:38:35,nan
2021-03-20 12:38:35.250000,nan
2021-03-20 12:38:35.500000,nan
2021-03-20 12:38:35.750000,nan
2021-03-20 12:38:36,nan
2021-03-20 12:38:36.250000,nan
2021-03-20 12:38:36.500000,nan
2021-03-20 12:38:36.750000,nan
2021-03-20 12:38:37,nan
2021-03-20 12:38:37.250000,nan
2021-03-20 12:38:37.500000,nan
2021-03-20 12:38:37.750000,nan
2021-03-20 12:38:38,nan
2021-03-20 12:38:38.250000,nan
2021-03-20 12:38:38.500000,nan
2021-03-20 12:38:38.750000,nan
2021-03-20 12:38:39,nan
2021-03-20 12:38:39.250000,nan
2021-03-20 12:38:39.500000,nan
2021-03-20 12:38:39.750000,nan
2021-03-20 12:38:40,nan
2021-03-20 12:38:40.250000,nan
2021-03-20 12:38:40.500000,nan
2021-03-20 12:38:40.750000,nan
2021-03-20 12:38:41,nan
2021-03-20 12:38:41.250000,nan
2021-03-20 12:38:41.500000,nan
2021-03-20 12:38:41.750000,nan
2021-03-20 12:38:42,nan
2021-03-20 12:38:42.250000,nan
2021-03-20 12:38:42.500000,nan
2021-03-20 12:38:42.750000,nan
2021-03-20 12:38:43,nan
2021-03-20 12:38:43.250000,nan
2021-03-20 12:38:43.500000,nan
2021-03-20 12:38:43.750000,nan
2021-03-20 12:38:44,nan
2021-03-20 12:38:44.250000,nan
2021-03-20 12:38:44.500000,nan
2021-03-20 12:38:44.750000,nan
2021-03-20 12:38:45,nan
2021-03-20 12:38:45.250000,nan
2021-03-20 12:38:45.500000,nan
2021-03-20 12:38:45.750000,nan
2021-03-20 12:38:46,nan
2021-03-20 12:38:46.250000,nan
2021-03-20 12:38:46.500000,nan
2021-03-20 12:38:46.750000,nan
2021-03-20 12:38:47,nan
2021-03-20 12:38:47.250000,nan
2021-03-20 12:38:47.500000,nan
2021-03-20 12:38:47.750000,nan
2021-03-20 12:38:48,nan
2021-03-20 12:38:48.250000,nan
2021-03-20 12:38:48.500000,nan
2021-03-20 12:38:48.750000,nan
2021-03-20 12:38:49,nan
2021-03-20 12:38:49.250000,nan
2021-03-20 12:38:49.500000,nan
2021-03-20 12:38:49.750000,nan
2021-03-20 12:38:50,nan
2021-03-20 12:38:50.250000,nan
2021-03-20 12:38:50.500000,nan
2021-03-20 12:38:50.750000,nan
2021-03-20 12:38:51,nan
2021-03-20 12:38:51.250000,nan
2021-03-20 12:38:51.500000,nan
2021-03-20 12:38:51.750000,nan
2021-03-20 12:38:52,nan
2021-03-20 12:38:52.250000,nan
2021-03-20 12:38:52.500000,nan
2021-03-20 12:38:52.750000,nan
2021-03-20 12:38:53,nan
2021-03-20 12:38:53.250000,nan
2021-03-20 12:38:53.500000,nan
2021-03-20 12:38:53.750000,nan
2021-03-20 12:38:54,nan
2021-03-20 12:38:54.250000,nan
2021-03-20 12:38:54.500000,nan
2021-03-20 12:38:54.750000,nan
2021-03-20 12:38:55,nan
2021-03-20 12:38:55.250000,nan
2021-03-20 12:38:55.500000,nan
2021-03-20 12:38:55.750000,nan
2021-03-20 12:38:56,nan
2021-03-20 12:38:56.250000,nan
2021-03-20 12:38:56.500000,nan
2021-03-20 12:38:56.750000,nan
2021-03-20 12:38:57,nan
2021-03-20 12:38:57.250000,nan
2021-03-20 12:38:57.500000,nan
2021-03-20 12:38:57.750000,nan
2021-03-20 12:38:58,nan
2021-03-20 12:38:58.250000,nan
2021-03-20 12:38:58.500000,nan
2021-03-20 12:38:58.750000,nan
2021-03-20 12:38:59,nan
2021-03-20 12:38:59.250000,nan
2021-03-20 12:38:59.500000,nan
2021-03-20 12:38:59.750000,nan
2021-03-20 12:39:00,nan
2021-03-20 12:39:00.250000,nan
2021-03-20 12:39:00.500000,nan
2021-03-20 12:39:00.750000,nan
2021-03-20 12:39:01,nan
2021-03-20 12:39:01.250000,nan
2021-03-20 12:39:01.500000,nan
2021-03-20 12:39:01.750000,nan
2021-03-20 12:39:02,nan
2021-03-20 12:39:02.250000,nan
2021-03-20 12:39:02.500000,nan
2021-03-20 12:39:02.750000,nan
2021-03-20 12:39:03,nan
2021-03-20 12:39:03.250000,nan
2021-03-20 12:39:03.500000,nan
2021-03-20 12:39:03.750000,nan
2021-03-20 12:39:04,nan
2021-03-20 12:39:04.250000,nan
2021-03-20 12:39:04.500000,nan
2021-03-20 12:39:04.750000,nan
2021-03-20 12:39:05,nan
2021-03-20 12:39:05.250000,nan
2021-03-20 12:39:05.500000,nan
2021-03-20 12:39:05.750000,nan
2021-03-20 12:39:06,nan
2021-03-20 12:39:06.250000,nan
2021-03-20 12:39:06.500000,nan
2021-03-20 12:39:06.750000,nan
2021-03-20 12:39:07,nan
2021-03-20 12:39:07.250000,nan
2021-03-20 12:39:07.500000,nan
2021-03-20 12:39:07.750000,nan
2021-03-20 12:39:08,nan
2021-03-20 12:39:08.250000,nan
2021-03-20 12:39:08.500000,nan
2021-03-20 12:39:08.750000,nan
2021-03-20 12:39:09,nan
2021-03-20 12:39:09.250000,nan
2021-03-20 12:39:09.500000,nan
2021-03-20 12:39:09.750000,nan
2021-03-20 12:39:10,nan
2021-03-20 12:39:10.250000,nan
2021-03-20 12:39:10.500000,nan
2021-03-20 12:39:10.750000,nan
2021-03-20 12:39:11,nan
2021-03-20 12:39:11.250000,nan
2021-03-20 12:39:11.500000,nan
2021-03-20 12:39:11.750000,nan
2021-03-20 12:39:12,nan
2021-03-20 12:39:12.250000,nan
2021-03-20 12:39:12.500000,nan
2021-03-20 12:39:12.750000,nan
2021-03-20 12:39:13,nan
2021-03-20 12:39:13.250000,nan
2021-03-20 12:39:13.500000,nan
2021-03-20 12:39:13.750000,nan
2021-03-20 12:39:14,nan
2021-03-20 12:39:14.250000,nan
2021-03-20 12:39:14.500000,nan
2021-03-20 12:39:14.750000,nan
2021-03-20 12:39:15,nan
2021-03-20 12:39:15.250000,nan
2021-03-20 12:39:15.500000,nan
2021-03-20 12:39:15.750000,nan
2021-03-20 12:39:16,nan
2021-03-20 12:39:16.250000,nan
2021-03-20 12:39:16.500000,nan
2021-03-20 12:39:16.750000,nan
2021-03-20 12:39:17,nan
2021-03-20 12:39:17.250000,nan
2021-03-20 12:39:17.500000,nan
2021-03-20 12:39:17.750000,nan
2021-03-20 12:39:18,nan
2021-03-20 12:39:18.250000,nan
2021-03-20 12:39:18.500000,nan
2021-03-20 12:39:18.750000,nan
2021-03-20 12:39:19,nan
2021-03-20 12:39:19.250000,nan
2021-03-20 12:39:19.500000,nan
2021-03-20 12:39:19.750000,nan
2021-03-20 12:39:20,nan
2021-03-20 12:39:20.250000,nan
2021-03-20 12:39:20.500000,nan
2021-03-20 12:39:20.750000,nan
2021-03-20 12:39:21,nan
2021-03-20 12:39:21.250000,nan
2021-03-20 12:39:21.500000,nan
2021-03-20 12:39:21.750000,nan
2021-03-20 12:39:22,nan
2021-03-20 12:39:22.250000,nan
2021-03-20 12:39:22.500000,nan
2021-03-20 12:39:22.750000,nan
2021-03-20 12:39:23,nan
2021-03-20 12:39:23.250000,nan
2021-03-20 12:39:23.500000,nan
2021-03-20 12:39:23.750000,nan
2021-03-20 12:39:24,nan
2021-03-20 12:39:24.250000,nan
2021-03-20 12:39:24.500000,nan
2021-03-20 12:39:24.750000,nan
2021-03-20 12:39:25,nan
2021-03-20 12:39:25.250000,nan
2021-03-20 12:39:25.500000,nan
2021-03-20 12:39:25.750000,nan
2021-03-20 12:39:26,nan
2021-03-20 12:39:26.250000,nan
2021-03-20 12:39:26.500000,nan
2021-03-20 12:39:26.750000,nan
2021-03-20 12:39:27,nan
2021-03-20 12:39:27.250000,nan
2021-03-20 12:39:27.500000,nan
2021-03-20 12:39:27.750000,nan
2021-03-20 12:39:28,nan
2021-03-20 12:39:28.250000,nan
2021-03-20 12:39:28.500000,nan
2021-03-20 12:39:28.750000,nan
2021-03-20 12:39:29,nan
2021-03-20 12:39:29.250000,nan
2021-03-20 12:39:29.500000,nan
2021-03-20 12:39:29.750000,nan
2021-03-20 12:39:30,nan
2021-03-20 12:39:30.250000,nan
2021-03-20 12:39:30.500000,nan
2021-03-20 12:39:30.750000,nan
2021-03-20 12:39:31,nan
2021-03-20 12:39:31.250000,nan
2021-03-20 12:39:31.500000,nan
2021-03-20 12:39:31.750000,nan
2021-03-20 12:39:32,nan
2021-03-20 12:39:32.250000,nan
2021-03-20 12:39:32.500000,nan
2021-03-20 12:39:32.750000,nan
2021-03-20 12:39:33,nan
2021-03-20 12:39:33.250000,nan
2021-03-20 12:39:33.500000,nan
2021-03-20 12:39:33.750000,nan
2021-03-20 12:39:34,nan
2021-03-20 12:39:34.250000,nan
2021-03-20 12:39:34.500000,nan
2021-03-20 12:39:34.750000,nan
2021-03-20 12:39:35,nan
2021-03-20 12:39:35.250000,nan
2021-03-20 12:39:35.500000,nan
2021-03-20 12:39:35.750000,nan
2021-03-20 12:39:36,nan
2021-03-20 12:39:36.250000,nan
2021-03-20 12:39:36.500000,nan
2021-03-20 12:39:36.750000,nan
2021-03-20 12:39:37,nan
2021-03-20 12:39:37.250000,nan
2021-03-20 12:39:37.500000,nan
2021-03-20 12:39:37.750000,nan
2021-03-20 12:39:38,nan
2021-03-20 12:39:38.250000,nan
2021-03-20 12:39:38.500000,nan
2021-03-20 12:39:38.750000,nan
2021-03-20 12:39:39,nan
2021-03-20 12:39:39.250000,nan
2021-03-20 12:39:39.500000,nan
2021-03-20 12:39:39.750000,nan
2021-03-20 12:39:40,nan
2021-03-20 12:39:40.250000,nan
2021-03-20 12:39:40.500000,nan
2021-03-20 12:39:40.750000,nan
2021-03-20 12:39:41,nan
2021-03-20 12:39:41.250000,nan
2021-03-20 12:39:41.500000,nan
2021-03-20 12:39:41.750000,nan
2021-03-20 12:39:42,nan
2021-03-20 12:39:42.250000,nan
2021-03-20 12:39:42.500000,nan
2021-03-20 12:39:42.750000,nan
2021-03-20 12:39:43,nan
2021-03-20 12:39:43.250000,nan
2021-03-20 12:39:43.500000,nan
2021-03-20 12:39:43.750000,nan
2021-03-20 12:39:44,nan
2021-03-20 12:39:44.250000,nan
2021-03-20 12:39:44.500000,nan
2021-03-20 12:39:44.750000,nan
2021-03-20 12:39:45,nan
2021-03-20 12:39:45.250000,nan
2021-03-20 12:39:45.500000,nan
2021-03-20 12:39:45.750000,nan
2021-03-20 12:39:46,nan
2021-03-20 12:39:46.250000,nan
2021-03-20 12:39:46.500000,nan
2021-03-20 12:39:46.750000,nan
2021-03-20 12:39:47,nan
2021-03-20 12:39:47.250000,nan
2021-03-20 12:39:47.500000,nan
2021-03-20 12:39:47.750000,nan
2021-03-20 12:39:48,nan
2021-03-20 12:39:48.250000,nan
2021-03-20 12:39:48.500000,nan
2021-03-20 12:39:48.750000,nan
2021-03-20 12:39:49,nan
2021-03-20 12:39:49.250000,nan
2021-03-20 12:39:49.500000,nan
2021-03-20 12:39:49.750000,nan
2021-03-20 12:39:50,nan
2021-03-20 12:39:50.250000,nan
2021-03-20 12:39:50.500000,nan
2021-03-20 12:39:50.750000,nan
2021-03-20 12:39:51,nan
2021-03-20 12:39:51.250000,nan
2021-03-20 12:39:51.500000,nan
2021-03-20 12:39:51.750000,nan
2021-03-20 12:39:52,nan
2021-03-20 12:39:52.250000,nan
2021-03-20 12:39:52.500000,nan
2021-03-20 12:39:52.750000,nan
2021-03-20 12:39:53,nan
2021-03-20 12:39:53.250000,nan
2021-03-20 12:39:53.500000,nan
2021-03-20 12:39:53.750000,nan
2021-03-20 12:39:54,nan
2021-03-20 12:39:54.250000,nan
2021-03-20 12:39:54.500000,nan
2021-03-20 12:39:54.750000,nan
2021-03-20 12:39:55,nan
2021-03-20 12:39:55.250000,nan
2021-03-20 12:39:55.500000,nan
2021-03-20 12:39:55.750000,nan
2021-03-20 12:39:56,nan
2021-03-20 12:39:56.250000,nan
2021-03-20 12:39:56.500000,nan
2021-03-20 12:39:56.750000,nan
2021-03-20 12:39:57,nan
2021-03-20 12:39:57.250000,nan
2021-03-20 12:39:57.500000,nan
2021-03-20 12:39:57.750000,nan
2021-03-20 12:39:58,nan
2021-03-20 12:39:58.250000,nan
2021-03-20 12:39:58.500000,nan
2021-03-20 12:39:58.750000,nan
2021-03-20 12:39:59,nan
2021-03-20 12:39:59.250000,nan
2021-03-20 12:39:59.500000,nan
2021-03-20 12:39:59.750000,nan
2021-03-20 12:40:00,nan
2021-03-20 12:40:00.250000,nan
2021-03-20 12:40:00.500000,nan
2021-03-20 12:40:00.750000,nan
2021-03-20 12:40:01,nan
2021-03-20 12:40:01.250000,nan
2021-03-20 12:40:01.500000,nan
2021-03-20 12:40:01.750000,nan
2021-03-20 12:40:02,nan
2021-03-20 12:40:02.250000,nan
2021-03-20 12:40:02.500000,nan
2021-03-20 12:40:02.750000,nan
2021-03-20 12:40:03,nan
2021-03-20 12:40:03.250000,nan
2021-03-20 12:40:03.500000,nan
2021-03-20 12:40:03.750000,nan
2021-03-20 12:40:04,nan
2021-03-20 12:40:04.250000,nan
2021-03-20 12:40:04.500000,nan
2021-03-20 12:40:04.750000,nan
2021-03-20 12:40:05,nan
2021-03-20 12:40:05.250000,nan
2021-03-20 12:40:05.500000,nan
2021-03-20 12:40:05.750000,nan
2021-03-20 12:40:06,nan
2021-03-20 12:40:06.250000,nan
2021-03-20 12:40:06.500000,nan
2021-03-20 12:40:06.750000,nan
2021-03-20 12:40:07,nan
2021-03-20 12:40:07.250000,nan
2021-03-20 12:40:07.500000,nan
2021-03-20 12:40:07.750000,nan
2021-03-20 12:40:08,nan
2021-03-20 12:40:08.250000,nan
2021-03-20 12:40:08.500000,nan
2021-03-20 12:40:08.750000,nan
2021-03-20 12:40:09,nan
2021-03-20 12:40:09.250000,nan
2021-03-20 12:40:09.500000,nan
2021-03-20 12:40:09.750000,nan
2021-03-20 12:40:10,nan
2021-03-20 12:40:10.250000,nan
2021-03-20 12:40:10.500000,nan
2021-03-20 12:40:10.750000,nan
2021-03-20 12:40:11,nan
2021-03-20 12:40:11.250000,nan
2021-03-20 12:40:11.500000,nan
2021-03-20 12:40:11.750000,nan
2021-03-20 12:40:12,nan
2021-03-20 12:40:12.250000,nan
2021-03-20 12:40:12.500000,nan
2021-03-20 12:40:12.750000,nan
2021-03-20 12:40:13,nan
2021-03-20 12:40:13.250000,nan
2021-03-20 12:40:13.500000,nan
2021-03-20 12:40:13.750000,nan
2021-03-20 12:40:14,nan
2021-03-20 12:40:14.250000,nan
2021-03-20 12:40:14.500000,nan
2021-03-20 12:40:14.750000,nan
2021-03-20 12:40:15,nan
2021-03-20 12:40:15.250000,nan
2021-03-20 12:40:15.500000,nan
2021-03-20 12:40:15.750000,nan
2021-03-20 12:40:16,nan
2021-03-20 12:40:16.250000,nan
2021-03-20 12:40:16.500000,nan
2021-03-20 12:40:16.750000,nan
2021-03-20 12:40:17,nan
2021-03-20 12:40:17.250000,nan
2021-03-20 12:40:17.500000,nan
2021-03-20 12:40:17.750000,nan
2021-03-20 12:40:18,nan
2021-03-20 12:40:18.250000,nan
2021-03-20 12:40:18.500000,nan
2021-03-20 12:40:18.750000,nan
2021-03-20 12:40:19,nan
2021-03-20 12:40:19.250000,nan
2021-03-20 12:40:19.500000,nan
2021-03-20 12:40:19.750000,nan
2021-03-20 12:40:20,nan
2021-03-20 12:40:20.250000,nan
2021-03-20 12:40:20.500000,nan
2021-03-20 12:40:20.750000,nan
2021-03-20 12:40:21,nan
2021-03-20 12:40:21.250000,nan
2021-03-20 12:40:21.500000,nan
2021-03-20 12:40:21.750000,nan
2021-03-20 12:40:22,nan
2021-03-20 12:40:22.250000,nan
2021-03-20 12:40:22.500000,nan
2021-03-20 12:40:22.750000,nan
2021-03-20 12:40:23,nan
2021-03-20 12:40:23.250000,nan
2021-03-20 12:40:23.500000,nan
2021-03-20 12:40:23.750000,nan
2021-03-20 12:40:24,nan
2021-03-20 12:40:24.250000,nan
2021-03-20 12:40:24.500000,nan
2021-03-20 12:40:24.750000,nan
2021-03-20 12:40:25,nan
2021-03-20 12:40:25.250000,nan
2021-03-20 12:40:25.500000,nan
2021-03-20 12:40:25.750000,nan
2021-03-20 12:40:26,nan
2021-03-20 12:40:26.250000,nan
2021-03-20 12:40:26.500000,nan
2021-03-20 12:40:26.750000,nan
2021-03-20 12:40:27,nan
2021-03-20 12:40:27.250000,nan
2021-03-20 12:40:27.500000,nan
2021-03-20 12:40:27.750000,nan
2021-03-20 12:40:28,nan
2021-03-20 12:40:28.250000,nan
2021-03-20 12:40:28.500000,nan
2021-03-20 12:40:28.750000,nan
2021-03-20 12:40:29,nan
2021-03-20 12:40:29.250000,nan
2021-03-20 12:40:29.500000,nan
2021-03-20 12:40:29.750000,nan
2021-03-20 12:40:30,nan
2021-03-20 12:40:30.250000,nan
2021-03-20 12:40:30.500000,nan
2021-03-20 12:40:30.750000,nan
2021-03-20 12:40:31,nan
2021-03-20 12:40:31.250000,nan
2021-03-20 12:40:31.500000,nan
2021-03-20 12:40:31.750000,nan
2021-03-20 12:40:32,nan
2021-03-20 12:40:32.250000,nan
2021-03-20 12:40:32.500000,nan
2021-03-20 12:40:32.750000,nan
2021-03-20 12:40:33,nan
2021-03-20 12:40:33.250000,nan
2021-03-20 12:40:33.500000,nan
2021-03-20 12:40:33.750000,nan
2021-03-20 12:40:34,nan
2021-03-20 12:40:34.250000,nan
2021-03-20 12:40:34.500000,nan
2021-03-20 12:40:34.750000,nan
2021-03-20 12:40:35,nan
2021-03-20 12:40:35.250000,nan
2021-03-20 12:40:35.500000,nan
2021-03-20 12:40:35.750000,nan
2021-03-20 12:40:36,nan
2021-03-20 12:40:36.250000,nan
2021-03-20 12:40:36.500000,nan
2021-03-20 12:40:36.750000,nan
2021-03-20 12:40:37,nan
2021-03-20 12:40:37.250000,nan
2021-03-20 12:40:37.500000,nan
2021-03-20 12:40:37.750000,nan
2021-03-20 12:40:38,nan
2021-03-20 12:40:38.250000,nan
2021-03-20 12:40:38.500000,nan
2021-03-20 12:40:38.750000,nan
2021-03-20 12:40:39,nan
2021-03-20 12:40:39.250000,nan
2021-03-20 12:40:39.500000,nan
2021-03-20 12:40:39.750000,nan
2021-03-20 12:40:40,nan
2021-03-20 12:40:40.250000,nan
2021-03-20 12:40:40.500000,nan
2021-03-20 12:40:40.750000,nan
2021-03-20 12:40:41,nan
2021-03-20 12:40:41.250000,nan
2021-03-20 12:40:41.500000,nan
2021-03-20 12:40:41.750000,nan
2021-03-20 12:40:42,nan
2021-03-20 12:40:42.250000,nan
2021-03-20 12:40:42.500000,nan
2021-03-20 12:40:42.750000,nan
2021-03-20 12:40:43,nan
2021-03-20 12:40:43.250000,nan
2021-03-20 12:40:43.500000,nan
2021-03-20 12:40:43.750000,nan
2021-03-20 12:40:44,nan
2021-03-20 12:40:44.250000,nan
2021-03-20 12:40:44.500000,nan
2021-03-20 12:40:44.750000,nan
2021-03-20 12:40:45,nan
2021-03-20 12:40:45.250000,nan
2021-03-20 12:40:45.500000,nan
2021-03-20 12:40:45.750000,nan
2021-03-20 12:40:46,nan
2021-03-20 12:40:46.250000,nan
2021-03-20 12:40:46.500000,nan
2021-03-20 12:40:46.750000,nan
2021-03-20 12:40:47,nan
2021-03-20 12:40:47.250000,nan
2021-03-20 12:40:47.500000,nan
2021-03-20 12:40:47.750000,nan
2021-03-20 12:40:48,nan
2021-03-20 12:40:48.250000,nan
2021-03-20 12:40:48.500000,nan
2021-03-20 12:40:48.750000,nan
2021-03-20 12:40:49,nan
2021-03-20 12:40:49.250000,nan
2021-03-20 12:40:49.500000,nan
2021-03-20 12:40:49.750000,nan
2021-03-20 12:40:50,nan
2021-03-20 12:40:50.250000,nan
2021-03-20 12:40:50.500000,nan
2021-03-20 12:40:50.750000,nan
2021-03-20 12:40:51,nan
2021-03-20 12:40:51.250000,nan
2021-03-20 12:40:51.500000,nan
2021-03-20 12:40:51.750000,nan
2021-03-20 12:40:52,nan
2021-03-20 12:40:52.250000,nan
2021-03-20 12:40:52.500000,nan
2021-03-20 12:40:52.750000,nan
2021-03-20 12:40:53,nan
2021-03-20 12:40:53.250000,nan
2021-03-20 12:40:53.500000,nan
2021-03-20 12:40:53.750000,nan
2021-03-20 12:40:54,nan
2021-03-20 12:40:54.250000,nan
2021-03-20 12:40:54.500000,nan
2021-03-20 12:40:54.750000,nan
2021-03-20 12:40:55,nan
2021-03-20 12:40:55.250000,nan
2021-03-20 12:40:55.500000,nan
2021-03-20 12:40:55.750000,nan
2021-03-20 12:40:56,nan
2021-03-20 12:40:56.250000,nan
2021-03-20 12:40:56.500000,nan
2021-03-20 12:40:56.750000,nan
2021-03-20 12:40:57,nan
2021-03-20 12:40:57.250000,nan
2021-03-20 12:40:57.500000,nan
2021-03-20 12:40:57.750000,nan
2021-03-20 12:40:58,nan
2021-03-20 12:40:58.250000,nan
2021-03-20 12:40:58.500000,nan
2021-03-20 12:40:58.750000,nan
2021-03-20 12:40:59,nan
2021-03-20 12:40:59.250000,nan
2021-03-20 12:40:59.500000,nan
2021-03-20 12:40:59.750000,nan
2021-03-20 12:41:00,nan
2021-03-20 12:41:00.250000,nan
2021-03-20 12:41:00.500000,nan
2021-03-20 12:41:00.750000,nan
2021-03-20 12:41:01,nan
2021-03-20 12:41:01.250000,nan
2021-03-20 12:41:01.500000,nan
2021-03-20 12:41:01.750000,nan
2021-03-20 12:41:02,nan
2021-03-20 12:41:02.250000,nan
2021-03-20 12:41:02.500000,nan
2021-03-20 12:41:02.750000,nan
2021-03-20 12:41:03,nan
2021-03-20 12:41:03.250000,nan
2021-03-20 12:41:03.500000,nan
2021-03-20 12:41:03.750000,nan
2021-03-20 12:41:04,nan
2021-03-20 12:41:04.250000,nan
2021-03-20 12:41:04.500000,nan
2021-03-20 12:41:04.750000,nan
2021-03-20 12:41:05,nan
2021-03-20 12:41:05.250000,nan
2021-03-20 12:41:05.500000,nan
2021-03-20 12:41:05.750000,nan
2021-03-20 12:41:06,nan
2021-03-20 12:41:06.250000,nan
2021-03-20 12:41:06.500000,nan
2021-03-20 12:41:06.750000,nan
2021-03-20 12:41:07,nan
2021-03-20 12:41:07.250000,nan
2021-03-20 12:41:07.500000,nan
2021-03-20 12:41:07.750000,nan
2021-03-20 12:41:08,nan
2021-03-20 12:41:08.250000,nan
2021-03-20 12:41:08.500000,nan
2021-03-20 12:41:08.750000,nan
2021-03-20 12:41:09,nan
2021-03-20 12:41:09.250000,nan
2021-03-20 12:41:09.500000,nan
2021-03-20 12:41:09.750000,nan
2021-03-20 12:41:10,nan
2021-03-20 12:41:10.250000,nan
2021-03-20 12:41:10.500000,nan
2021-03-20 12:41:10.750000,nan
2021-03-20 12:41:11,nan
2021-03-20 12:41:11.250000,nan
2021-03-20 12:41:11.500000,nan
2021-03-20 12:41:11.750000,nan
2021-03-20 12:41:12,nan
2021-03-20 12:41:12.250000,nan
2021-03-20 12:41:12.500000,nan
2021-03-20 12:41:12.750000,nan
2021-03-20 12:41:13,nan
2021-03-20 12:41:13.250000,nan
2021-03-20 12:41:13.500000,nan
2021-03-20 12:41:13.750000,nan
2021-03-20 12:41:14,nan
2021-03-20 12:41:14.250000,nan
2021-03-20 12:41:14.500000,nan
2021-03-20 12:41:14.750000,nan
2021-03-20 12:41:15,nan
2021-03-20 12:41:15.250000,nan
2021-03-20 12:41:15.500000,nan
2021-03-20 12:41:15.750000,nan
2021-03-20 12:41:16,nan
2021-03-20 12:41:16.250000,nan
2021-03-20 12:41:16.500000,nan
2021-03-20 12:41:16.750000,nan
2021-03-20 12:41:17,nan
2021-03-20 12:41:17.250000,nan
2021-03-20 12:41:17.500000,nan
2021-03-20 12:41:17.750000,nan
2021-03-20 12:41:18,nan
2021-03-20 12:41:18.250000,nan
2021-03-20 12:41:18.500000,nan
2021-03-20 12:41:18.750000,nan
2021-03-20 12:41:19,nan
2021-03-20 12:41:19.250000,nan
2021-03-20 12:41:19.500000,nan
2021-03-20 12:41:19.750000,nan
2021-03-20 12:41:20,nan
2021-03-20 12:41:20.250000,nan
2021-03-20 12:41:20.500000,nan
2021-03-20 12:41:20.750000,nan
2021-03-20 12:41:21,nan
2021-03-20 12:41:21.250000,nan
2021-03-20 12:41:21.500000,nan
2021-03-20 12:41:21.750000,nan
2021-03-20 12:41:22,nan
2021-03-20 12:41:22.250000,nan
2021-03-20 12:41:22.500000,nan
2021-03-20 12:41:22.750000,nan
2021-03-20 12:41:23,nan
2021-03-20 12:41:23.250000,nan
2021-03-20 12:41:23.500000,nan
2021-03-20 12:41:23.750000,nan
2021-03-20 12:41:24,nan
2021-03-20 12:41:24.250000,nan
2021-03-20 12:41:24.500000,nan
2021-03-20 12:41:24.750000,nan
2021-03-20 12:41:25,nan
2021-03-20 12:41:25.250000,nan
2021-03-20 12:41:25.500000,nan
2021-03-20 12:41:25.750000,nan
2021-03-20 12:41:26,nan
2021-03-20 12:41:26.250000,nan
2021-03-20 12:41:26.500000,nan
2021-03-20 12:41:26.750000,nan
2021-03-20 12:41:27,nan
2021-03-20 12:41:27.250000,nan
2021-03-20 12:41:27.500000,nan
2021-03-20 12:41:27.750000,nan
2021-03-20 12:41:28,nan
2021-03-20 12:41:28.250000,nan
2021-03-20 12:41:28.500000,nan
2021-03-20 12:41:28.750000,nan
2021-03-20 12:41:29,nan
2021-03-20 12:41:29.250000,nan
2021-03-20 12:41:29.500000,nan
2021-03-20 12:41:29.750000,nan
2021-03-20 12:41:30,nan
2021-03-20 12:41:30.250000,nan
2021-03-20 12:41:30.500000,nan
2021-03-20 12:41:30.750000,nan
2021-03-20 12:41:31,nan
2021-03-20 12:41:31.250000,nan
2021-03-20 12:41:31.500000,nan
2021-03-20 12:41:31.750000,nan
2021-03-20 12:41:32,nan
2021-03-20 12:41:32.250000,nan
2021-03-20 12:41:32.500000,nan
2021-03-20 12:41:32.750000,nan
2021-03-20 12:41:33,nan
2021-03-20 12:41:33.250000,nan
2021-03-20 12:41:33.500000,nan
2021-03-20 12:41:33.750000,nan
2021-03-20 12:41:34,nan
2021-03-20 12:41:34.250000,nan
2021-03-20 12:41:34.500000,nan
2021-03-20 12:41:34.750000,nan
2021-03-20 12:41:35,nan
2021-03-20 12:41:35.250000,nan
2021-03-20 12:41:35.500000,nan
2021-03-20 12:41:35.750000,nan
2021-03-20 12:41:36,nan
2021-03-20 12:41:36.250000,nan
2021-03-20 12:41:36.500000,nan
2021-03-20 12:41:36.750000,nan
2021-03-20 12:41:37,nan
2021-03-20 12:41:37.250000,nan
2021-03-20 12:41:37.500000,nan
2021-03-20 12:41:37.750000,nan
2021-03-20 12:41:38,nan
2021-03-20 12:41:38.250000,nan
2021-03-20 12:41:38.500000,nan
2021-03-20 12:41:38.750000,nan
2021-03-20 12:41:39,nan
2021-03-20 12:41:39.250000,nan
2021-03-20 12:41:39.500000,nan
2021-03-20 12:41:39.750000,nan
2021-03-20 12:41:40,nan
2021-03-20 12:41:40.250000,nan
2021-03-20 12:41:40.500000,nan
2021-03-20 12:41:40.750000,nan
2021-03-20 12:41:41,nan
2021-03-20 12:41:41.250000,nan
2021-03-20 12:41:41.500000,nan
2021-03-20 12:41:41.750000,nan
2021-03-20 12:41:42,nan
2021-03-20 12:41:42.250000,nan
2021-03-20 12:41:42.500000,nan
2021-03-20 12:41:42.750000,nan
2021-03-20 12:41:43,nan
2021-03-20 12:41:43.250000,nan
2021-03-20 12:41:43.500000,nan
2021-03-20 12:41:43.750000,nan
2021-03-20 12:41:44,nan
2021-03-20 12:41:44.250000,nan
2021-03-20 12:41:44.500000,nan
2021-03-20 12:41:44.750000,nan
2021-03-20 12:41:45,nan
2021-03-20 12:41:45.250000,nan
2021-03-20 12:41:45.500000,nan
2021-03-20 12:41:45.750000,nan
2021-03-20 12:41:46,nan
2021-03-20 12:41:46.250000,nan
2021-03-20 12:41:46.500000,nan
2021-03-20 12:41:46.750000,nan
2021-03-20 12:41:47,nan
2021-03-20 12:41:47.250000,nan
2021-03-20 12:41:47.500000,nan
2021-03-20 12:41:47.750000,nan
2021-03-20 12:41:48,nan
2021-03-20 12:41:48.250000,nan
2021-03-20 12:41:48.500000,nan
2021-03-20 12:41:48.750000,nan
2021-03-20 12:41:49,nan
2021-03-20 12:41:49.250000,nan
2021-03-20 12:41:49.500000,nan
2021-03-20 12:41:49.750000,nan
2021-03-20 12:41:50,nan
2021-03-20 12:41:50.250000,nan
2021-03-20 12:41:50.500000,nan
2021-03-20 12:41:50.750000,nan
2021-03-20 12:41:51,nan
2021-03-20 12:41:51.250000,nan
2021-03-20 12:41:51.500000,nan
2021-03-20 12:41:51.750000,nan
2021-03-20 12:41:52,nan
2021-03-20 12:41:52.250000,nan
2021-03-20 12:41:52.500000,nan
2021-03-20 12:41:52.750000,nan
2021-03-20 12:41:53,nan
2021-03-20 12:41:53.250000,nan
2021-03-20 12:41:53.500000,nan
2021-03-20 12:41:53.750000,nan
2021-03-20 12:41:54,nan
2021-03-20 12:41:54.250000,nan
2021-03-20 12:41:54.500000,nan
2021-03-20 12:41:54.750000,nan
2021-03-20 12:41:55,nan
2021-03-20 12:41:55.250000,nan
2021-03-20 12:41:55.500000,nan
2021-03-20 12:41:55.750000,nan
2021-03-20 12:41:56,nan
2021-03-20 12:41:56.250000,nan
2021-03-20 12:41:56.500000,nan
2021-03-20 12:41:56.750000,nan
2021-03-20 12:41:57,nan
2021-03-20 12:41:57.250000,nan
2021-03-20 12:41:57.500000,nan
2021-03-20 12:41:57.750000,nan
2021-03-20 12:41:58,nan
2021-03-20 12:41:58.250000,nan
2021-03-20 12:41:58.500000,nan
2021-03-20 12:41:58.750000,nan
2021-03-20 12:41:59,nan
2021-03-20 12:41:59.250000,nan
2021-03-20 12:41:59.500000,nan
2021-03-20 12:41:59.750000,nan
2021-03-20 12:42:00,nan
2021-03-20 12:42:00.250000,nan
2021-03-20 12:42:00.500000,nan
2021-03-20 12:42:00.750000,nan
2021-03-20 12:42:01,nan
2021-03-20 12:42:01.250000,nan
2021-03-20 12:42:01.500000,nan
2021-03-20 12:42:01.750000,nan
2021-03-20 12:42:02,nan
2021-03-20 12:42:02.250000,nan
2021-03-20 12:42:02.500000,nan
2021-03-20 12:42:02.750000,nan
2021-03-20 12:42:03,nan
2021-03-20 12:42:03.250000,nan
2021-03-20 12:42:03.500000,nan
2021-03-20 12:42:03.750000,nan
2021-03-20 12:42:04,nan
2021-03-20 12:42:04.250000,nan
2021-03-20 12:42:04.500000,nan
2021-03-20 12:42:04.750000,nan
2021-03-20 12:42:05,nan
2021-03-20 12:42:05.250000,nan
2021-03-20 12:42:05.500000,nan
2021-03-20 12:42:05.750000,nan
2021-03-20 12:42:06,nan
2021-03-20 12:42:06.250000,nan
2021-03-20 12:42:06.500000,nan
2021-03-20 12:42:06.750000,nan
2021-03-20 12:42:07,nan
2021-03-20 12:42:07.250000,nan
2021-03-20 12:42:07.500000,nan
2021-03-20 12:42:07.750000,nan
2021-03-20 12:42:08,nan
2021-03-20 12:42:08.250000,nan
2021-03-20 12:42:08.500000,nan
2021-03-20 12:42:08.750000,nan
2021-03-20 12:42:09,nan
2021-03-20 12:42:09.250000,nan
2021-03-20 12:42:09.500000,nan
2021-03-20 12:42:09.750000,nan
2021-03-20 12:42:10,nan
2021-03-20 12:42:10.250000,nan
2021-03-20 12:42:10.500000,nan
2021-03-20 12:42:10.750000,nan
2021-03-20 12:42:11,nan
2021-03-20 12:42:11.250000,nan
2021-03-20 12:42:11.500000,nan
2021-03-20 12:42:11.750000,nan
2021-03-20 12:42:12,nan
2021-03-20 12:42:12.250000,nan
2021-03-20 12:42:12.500000,nan
2021-03-20 12:42:12.750000,nan
2021-03-20 12:42:13,nan
2021-03-20 12:42:13.250000,nan
2021-03-20 12:42:13.500000,nan
2021-03-20 12:42:13.750000,nan
2021-03-20 12:42:14,nan
2021-03-20 12:42:14.250000,nan
2021-03-20 12:42:14.500000,nan
2021-03-20 12:42:14.750000,nan
2021-03-20 12:42:15,nan
2021-03-20 12:42:15.250000,nan
2021-03-20 12:42:15.500000,nan
2021-03-20 12:42:15.750000,nan
2021-03-20 12:42:16,nan
2021-03-20 12:42:16.250000,nan
2021-03-20 12:42:16.500000,nan
2021-03-20 12:42:16.750000,nan
2021-03-20 12:42:17,nan
2021-03-20 12:42:17.250000,nan
2021-03-20 12:42:17.500000,nan
2021-03-20 12:42:17.750000,nan
2021-03-20 12:42:18,nan
2021-03-20 12:42:18.250000,nan
2021-03-20 12:42:18.500000,nan
2021-03-20 12:42:18.750000,nan
2021-03-20 12:42:19,nan
2021-03-20 12:42:19.250000,nan
2021-03-20 12:42:19.500000,nan
2021-03-20 12:42:19.750000,nan
2021-03-20 12:42:20,nan
2021-03-20 12:42:20.250000,nan
2021-03-20 12:42:20.500000,nan
2021-03-20 12:42:20.750000,nan
2021-03-20 12:42:21,nan
2021-03-20 12:42:21.250000,nan
2021-03-20 12:42:21.500000,nan
2021-03-20 12:42:21.750000,nan
2021-03-20 12:42:22,nan
2021-03-20 12:42:22.250000,nan
2021-03-20 12:42:22.500000,nan
2021-03-20 12:42:22.750000,nan
2021-03-20 12:42:23,nan
2021-03-20 12:42:23.250000,nan
2021-03-20 12:42:23.500000,nan
2021-03-20 12:42:23.750000,nan
2021-03-20 12:42:24,nan
2021-03-20 12:42:24.250000,nan
2021-03-20 12:42:24.500000,nan
2021-03-20 12:42:24.750000,nan
2021-03-20 12:42:25,nan
2021-03-20 12:42:25.250000,nan
2021-03-20 12:42:25.500000,nan
2021-03-20 12:42:25.750000,nan
2021-03-20 12:42:26,nan
2021-03-20 12:42:26.250000,nan
2021-03-20 12:42:26.500000,nan
2021-03-20 12:42:26.750000,nan
2021-03-20 12:42:27,nan
2021-03-20 12:42:27.250000,nan
2021-03-20 12:42:27.500000,nan
2021-03-20 12:42:27.750000,nan
2021-03-20 12:42:28,nan
2021-03-20 12:42:28.250000,nan
2021-03-20 12:42:28.500000,nan
2021-03-20 12:42:28.750000,nan
2021-03-20 12:42:29,nan
2021-03-20 12:42:29.250000,nan
2021-03-20 12:42:29.500000,nan
2021-03-20 12:42:29.750000,nan
2021-03-20 12:42:30,nan
2021-03-20 12:42:30.250000,nan
2021-03-20 12:42:30.500000,nan
2021-03-20 12:42:30.750000,nan
2021-03-20 12:42:31,nan
2021-03-20 12:42:31.250000,nan
2021-03-20 12:42:31.500000,nan
2021-03-20 12:42:31.750000,nan
2021-03-20 12:42:32,nan
2021-03-20 12:42:32.250000,nan
2021-03-20 12:42:32.500000,nan
2021-03-20 12:42:32.750000,nan
2021-03-20 12:42:33,nan
2021-03-20 12:42:33.250000,nan
2021-03-20 12:42:33.500000,nan
2021-03-20 12:42:33.750000,nan
2021-03-20 12:42:34,nan
2021-03-20 12:42:34.250000,nan
2021-03-20 12:42:34.500000,nan
2021-03-20 12:42:34.750000,nan
2021-03-20 12:42:35,nan
2021-03-20 12:42:35.250000,nan
2021-03-20 12:42:35.500000,nan
2021-03-20 12:42:35.750000,nan
2021-03-20 12:42:36,nan
2021-03-20 12:42:36.250000,nan
2021-03-20 12:42:36.500000,nan
2021-03-20 12:42:36.750000,nan
2021-03-20 12:42:37,nan
2021-03-20 12:42:37.250000,nan
2021-03-20 12:42:37.500000,nan
2021-03-20 12:42:37.750000,nan
2021-03-20 12:42:38,nan
2021-03-20 12:42:38.250000,nan
2021-03-20 12:42:38.500000,nan
2021-03-20 12:42:38.750000,nan
2021-03-20 12:42:39,nan
2021-03-20 12:42:39.250000,nan
2021-03-20 12:42:39.500000,nan
2021-03-20 12:42:39.750000,nan
2021-03-20 12:42:40,nan
2021-03-20 12:42:40.250000,nan
2021-03-20 12:42:40.500000,nan
2021-03-20 12:42:40.750000,nan
2021-03-20 12:42:41,nan
2021-03-20 12:42:41.250000,nan
2021-03-20 12:42:41.500000,nan
2021-03-20 12:42:41.750000,nan
2021-03-20 12:42:42,nan
2021-03-20 12:42:42.250000,nan
2021-03-20 12:42:42.500000,nan
2021-03-20 12:42:42.750000,nan
2021-03-20 12:42:43,nan
2021-03-20 12:42:43.250000,nan
2021-03-20 12:42:43.500000,nan
2021-03-20 12:42:43.750000,nan
2021-03-20 12:42:44,nan
2021-03-20 12:42:44.250000,nan
2021-03-20 12:42:44.500000,nan
2021-03-20 12:42:44.750000,nan
2021-03-20 12:42:45,nan
2021-03-20 12:42:45.250000,nan
2021-03-20 12:42:45.500000,nan
2021-03-20 12:42:45.750000,nan
2021-03-20 12:42:46,nan
2021-03-20 12:42:46.250000,nan
2021-03-20 12:42:46.500000,nan
2021-03-20 12:42:46.750000,nan
2021-03-20 12:42:47,nan
2021-03-20 12:42:47.250000,nan
2021-03-20 12:42:47.500000,nan
2021-03-20 12:42:47.750000,nan
2021-03-20 12:42:48,nan
2021-03-20 12:42:48.250000,nan
2021-03-20 12:42:48.500000,nan
2021-03-20 12:42:48.750000,nan
2021-03-20 12:42:49,nan
2021-03-20 12:42:49.250000,nan
2021-03-20 12:42:49.500000,nan
2021-03-20 12:42:49.750000,nan
2021-03-20 12:42:50,nan
2021-03-20 12:42:50.250000,nan
2021-03-20 12:42:50.500000,nan
2021-03-20 12:42:50.750000,nan
2021-03-20 12:42:51,nan
2021-03-20 12:42:51.250000,nan
2021-03-20 12:42:51.500000,nan
2021-03-20 12:42:51.750000,nan
2021-03-20 12:42:52,nan
2021-03-20 12:42:52.250000,nan
2021-03-20 12:42:52.500000,nan
2021-03-20 12:42:52.750000,nan
2021-03-20 12:42:53,nan
2021-03-20 12:42:53.250000,nan
2021-03-20 12:42:53.500000,nan
2021-03-20 12:42:53.750000,nan
2021-03-20 12:42:54,nan
2021-03-20 12:42:54.250000,nan
2021-03-20 12:42:54.500000,nan
2021-03-20 12:42:54.750000,nan
2021-03-20 12:42:55,nan
2021-03-20 12:42:55.250000,nan
2021-03-20 12:42:55.500000,nan
2021-03-20 12:42:55.750000,nan
2021-03-20 12:42:56,nan
2021-03-20 12:42:56.250000,nan
2021-03-20 12:42:56.500000,nan
2021-03-20 12:42:56.750000,nan
2021-03-20 12:42:57,nan
2021-03-20 12:42:57.250000,nan
2021-03-20 12:42:57.500000,nan
2021-03-20 12:42:57.750000,nan
2021-03-20 12:42:58,nan
2021-03-20 12:42:58.250000,nan
2021-03-20 12:42:58.500000,nan
2021-03-20 12:42:58.750000,nan
2021-03-20 12:42:59,nan
2021-03-20 12:42:59.250000,nan
2021-03-20 12:42:59.500000,nan
2021-03-20 12:42:59.750000,nan
2021-03-20 12:43:00,nan
2021-03-20 12:43:00.250000,nan
2021-03-20 12:43:00.500000,nan
2021-03-20 12:43:00.750000,nan
2021-03-20 12:43:01,nan
2021-03-20 12:43:01.250000,nan
2021-03-20 12:43:01.500000,nan
2021-03-20 12:43:01.750000,nan
2021-03-20 12:43:02,nan
2021-03-20 12:43:02.250000,nan
2021-03-20 12:43:02.500000,nan
2021-03-20 12:43:02.750000,nan
2021-03-20 12:43:03,nan
2021-03-20 12:43:03.250000,nan
2021-03-20 12:43:03.500000,nan
2021-03-20 12:43:03.750000,nan
2021-03-20 12:43:04,nan
2021-03-20 12:43:04.250000,nan
2021-03-20 12:43:04.500000,nan
2021-03-20 12:43:04.750000,nan
2021-03-20 12:43:05,nan
2021-03-20 12:43:05.250000,nan
2021-03-20 12:43:05.500000,nan
2021-03-20 12:43:05.750000,nan
2021-03-20 12:43:06,nan
2021-03-20 12:43:06.250000,nan
2021-03-20 12:43:06.500000,nan
2021-03-20 12:43:06.750000,nan
2021-03-20 12:43:07,nan
2021-03-20 12:43:07.250000,nan
2021-03-20 12:43:07.500000,nan
2021-03-20 12:43:07.750000,nan
2021-03-20 12:43:08,nan
2021-03-20 12:43:08.250000,nan
2021-03-20 12:43:08.500000,nan
2021-03-20 12:43:08.750000,nan
2021-03-20 12:43:09,nan
2021-03-20 12:43:09.250000,nan
2021-03-20 12:43:09.500000,nan
2021-03-20 12:43:09.750000,nan
2021-03-20 12:43:10,nan
2021-03-20 12:43:10.250000,nan
2021-03-20 12:43:10.500000,nan
2021-03-20 12:43:10.750000,nan
2021-03-20 12:43:11,nan
2021-03-20 12:43:11.250000,nan
2021-03-20 12:43:11.500000,nan
2021-03-20 12:43:11.750000,nan
2021-03-20 12:43:12,nan
2021-03-20 12:43:12.250000,nan
2021-03-20 12:43:12.500000,nan
2021-03-20 12:43:12.750000,nan
2021-03-20 12:43:13,nan
2021-03-20 12:43:13.250000,nan
2021-03-20 12:43:13.500000,nan
2021-03-20 12:43:13.750000,nan
2021-03-20 12:43:14,nan
2021-03-20 12:43:14.250000,nan
2021-03-20 12:43:14.500000,nan
2021-03-20 12:43:14.750000,nan
2021-03-20 12:43:15,nan
2021-03-20 12:43:15.250000,nan
2021-03-20 12:43:15.500000,nan
2021-03-20 12:43:15.750000,nan
2021-03-20 12:43:16,nan
2021-03-20 12:43:16.250000,nan
2021-03-20 12:43:16.500000,nan
2021-03-20 12:43:16.750000,nan
2021-03-20 12:43:17,nan
2021-03-20 12:43:17.250000,nan
2021-03-20 12:43:17.500000,nan
2021-03-20 12:43:17.750000,nan
2021-03-20 12:43:18,nan
2021-03-20 12:43:18.250000,nan
2021-03-20 12:43:18.500000,nan
2021-03-20 12:43:18.750000,nan
2021-03-20 12:43:19,nan
2021-03-20 12:43:19.250000,nan
2021-03-20 12:43:19.500000,nan
2021-03-20 12:43:19.750000,nan
2021-03-20 12:43:20,nan
2021-03-20 12:43:20.250000,nan
2021-03-20 12:43:20.500000,nan
2021-03-20 12:43:20.750000,nan
2021-03-20 12:43:21,nan
2021-03-20 12:43:21.250000,nan
2021-03-20 12:43:21.500000,nan
2021-03-20 12:43:21.750000,nan
2021-03-20 12:43:22,nan
2021-03-20 12:43:22.250000,nan
2021-03-20 12:43:22.500000,nan
2021-03-20 12:43:22.750000,nan
2021-03-20 12:43:23,nan
2021-03-20 12:43:23.250000,nan
2021-03-20 12:43:23.500000,nan
2021-03-20 12:43:23.750000,nan
2021-03-20 12:43:24,nan
2021-03-20 12:43:24.250000,nan
2021-03-20 12:43:24.500000,nan
2021-03-20 12:43:24.750000,nan
2021-03-20 12:43:25,nan
2021-03-20 12:43:25.250000,nan
2021-03-20 12:43:25.500000,nan
2021-03-20 12:43:25.750000,nan
2021-03-20 12:43:26,nan
2021-03-20 12:43:26.250000,nan
2021-03-20 12:43:26.500000,nan
2021-03-20 12:43:26.750000,nan
2021-03-20 12:43:27,nan
2021-03-20 12:43:27.250000,nan
2021-03-20 12:43:27.500000,nan
2021-03-20 12:43:27.750000,nan
2021-03-20 12:43:28,nan
2021-03-20 12:43:28.250000,nan
2021-03-20 12:43:28.500000,nan
2021-03-20 12:43:28.750000,nan
2021-03-20 12:43:29,nan
2021-03-20 12:43:29.250000,nan
2021-03-20 12:43:29.500000,nan
2021-03-20 12:43:29.750000,nan
2021-03-20 12:43:30,nan
2021-03-20 12:43:30.250000,nan
2021-03-20 12:43:30.500000,nan
2021-03-20 12:43:30.750000,nan
2021-03-20 12:43:31,nan
2021-03-20 12:43:31.250000,nan
2021-03-20 12:43:31.500000,nan
2021-03-20 12:43:31.750000,nan
2021-03-20 12:43:32,nan
2021-03-20 12:43:32.250000,nan
2021-03-20 12:43:32.500000,nan
2021-03-20 12:43:32.750000,nan
2021-03-20 12:43:33,nan
2021-03-20 12:43:33.250000,nan
2021-03-20 12:43:33.500000,nan
2021-03-20 12:43:33.750000,nan
2021-03-20 12:43:34,nan
2021-03-20 12:43:34.250000,nan
2021-03-20 12:43:34.500000,nan
2021-03-20 12:43:34.750000,nan
2021-03-20 12:43:35,nan
2021-03-20 12:43:35.250000,nan
2021-03-20 12:43:35.500000,nan
2021-03-20 12:43:35.750000,nan
2021-03-20 12:43:36,nan
2021-03-20 12:43:36.250000,nan
2021-03-20 12:43:36.500000,nan
2021-03-20 12:43:36.750000,nan
2021-03-20 12:43:37,nan
2021-03-20 12:43:37.250000,nan
2021-03-20 12:43:37.500000,nan
2021-03-20 12:43:37.750000,nan
2021-03-20 12:43:38,nan
2021-03-20 12:43:38.250000,nan
2021-03-20 12:43:38.500000,nan
2021-03-20 12:43:38.750000,nan
2021-03-20 12:43:39,nan
2021-03-20 12:43:39.250000,nan
2021-03-20 12:43:39.500000,nan
2021-03-20 12:43:39.750000,nan
2021-03-20 12:43:40,nan
2021-03-20 12:43:40.250000,nan
2021-03-20 12:43:40.500000,nan
2021-03-20 12:43:40.750000,nan
2021-03-20 12:43:41,nan
2021-03-20 12:43:41.250000,nan
2021-03-20 12:43:41.500000,nan
2021-03-20 12:43:41.750000,nan
2021-03-20 12:43:42,nan
2021-03-20 12:43:42.250000,nan
2021-03-20 12:43:42.500000,nan
2021-03-20 12:43:42.750000,nan
2021-03-20 12:43:43,nan
2021-03-20 12:43:43.250000,nan
2021-03-20 12:43:43.500000,nan
2021-03-20 12:43:43.750000,nan
2021-03-20 12:43:44,nan
2021-03-20 12:43:44.250000,nan
2021-03-20 12:43:44.500000,nan
2021-03-20 12:43:44.750000,nan
2021-03-20 12:43:45,nan
2021-03-20 12:43:45.250000,nan
2021-03-20 12:43:45.500000,nan
2021-03-20 12:43:45.750000,nan
2021-03-20 12:43:46,nan
2021-03-20 12:43:46.250000,nan
2021-03-20 12:43:46.500000,nan
2021-03-20 12:43:46.750000,nan
2021-03-20 12:43:47,nan
2021-03-20 12:43:47.250000,nan
2021-03-20 12:43:47.500000,nan
2021-03-20 12:43:47.750000,nan
2021-03-20 12:43:48,nan
2021-03-20 12:43:48.250000,nan
2021-03-20 12:43:48.500000,nan
2021-03-20 12:43:48.750000,nan
2021-03-20 12:43:49,nan
2021-03-20 12:43:49.250000,nan
2021-03-20 12:43:49.500000,nan
2021-03-20 12:43:49.750000,nan
2021-03-20 12:43:50,nan
2021-03-20 12:43:50.250000,nan
2021-03-20 12:43:50.500000,nan
2021-03-20 12:43:50.750000,nan
2021-03-20 12:43:51,nan
2021-03-20 12:43:51.250000,nan
2021-03-20 12:43:51.500000,nan
2021-03-20 12:43:51.750000,nan
2021-03-20 12:43:52,nan
2021-03-20 12:43:52.250000,nan
2021-03-20 12:43:52.500000,nan
2021-03-20 12:43:52.750000,nan
2021-03-20 12:43:53,nan
2021-03-20 12:43:53.250000,nan
2021-03-20 12:43:53.500000,nan
2021-03-20 12:43:53.750000,nan
2021-03-20 12:43:54,nan
2021-03-20 12:43:54.250000,nan
2021-03-20 12:43:54.500000,nan
2021-03-20 12:43:54.750000,nan
2021-03-20 12:43:55,nan
2021-03-20 12:43:55.250000,nan
2021-03-20 12:43:55.500000,nan
2021-03-20 12:43:55.750000,nan
2021-03-20 12:43:56,nan
2021-03-20 12:43:56.250000,nan
2021-03-20 12:43:56.500000,nan
2021-03-20 12:43:56.750000,nan
2021-03-20 12:43:57,nan
2021-03-20 12:43:57.250000,nan
2021-03-20 12:43:57.500000,nan
2021-03-20 12:43:57.750000,nan
2021-03-20 12:43:58,nan
2021-03-20 12:43:58.250000,nan
2021-03-20 12:43:58.500000,nan
2021-03-20 12:43:58.750000,nan
2021-03-20 12:43:59,nan
2021-03-20 12:43:59.250000,nan
2021-03-20 12:43:59.500000,nan
2021-03-20 12:43:59.750000,nan
2021-03-20 12:44:00,nan
2021-03-20 12:44:00.250000,nan
2021-03-20 12:44:00.500000,nan
2021-03-20 12:44:00.750000,nan
2021-03-20 12:44:01,nan
2021-03-20 12:44:01.250000,nan
2021-03-20 12:44:01.500000,nan
2021-03-20 12:44:01.750000,nan
2021-03-20 12:44:02,nan
2021-03-20 12:44:02.250000,nan
2021-03-20 12:44:02.500000,nan
2021-03-20 12:44:02.750000,nan
2021-03-20 12:44:03,nan
2021-03-20 12:44:03.250000,nan
2021-03-20 12:44:03.500000,nan
2021-03-20 12:44:03.750000,nan
2021-03-20 12:44:04,nan
2021-03-20 12:44:04.250000,nan
2021-03-20 12:44:04.500000,nan
2021-03-20 12:44:04.750000,nan
2021-03-20 12:44:05,nan
2021-03-20 12:44:05.250000,nan
2021-03-20 12:44:05.500000,nan
2021-03-20 12:44:05.750000,nan
2021-03-20 12:44:06,nan
2021-03-20 12:44:06.250000,nan
2021-03-20 12:44:06.500000,nan
2021-03-20 12:44:06.750000,nan
2021-03-20 12:44:07,nan
2021-03-20 12:44:07.250000,nan
2021-03-20 12:44:07.500000,nan
2021-03-20 12:44:07.750000,nan
2021-03-20 12:44:08,nan
2021-03-20 12:44:08.250000,nan
2021-03-20 12:44:08.500000,nan
2021-03-20 12:44:08.750000,nan
2021-03-20 12:44:09,nan
2021-03-20 12:44:09.250000,nan
2021-03-20 12:44:09.500000,nan
2021-03-20 12:44:09.750000,nan
2021-03-20 12:44:10,nan
2021-03-20 12:44:10.250000,nan
2021-03-20 12:44:10.500000,nan
2021-03-20 12:44:10.750000,nan
2021-03-20 12:44:11,nan
2021-03-20 12:44:11.250000,nan
2021-03-20 12:44:11.500000,nan
2021-03-20 12:44:11.750000,nan
2021-03-20 12:44:12,nan
2021-03-20 12:44:12.250000,nan
2021-03-20 12:44:12.500000,nan
2021-03-20 12:44:12.750000,nan
2021-03-20 12:44:13,nan
2021-03-20 12:44:13.250000,nan
2021-03-20 12:44:13.500000,nan
2021-03-20 12:44:13.750000,nan
2021-03-20 12:44:14,nan
2021-03-20 12:44:14.250000,nan
2021-03-20 12:44:14.500000,nan
2021-03-20 12:44:14.750000,nan
2021-03-20 12:44:15,nan
2021-03-20 12:44:15.250000,nan
2021-03-20 12:44:15.500000,nan
2021-03-20 12:44:15.750000,nan
2021-03-20 12:44:16,nan
2021-03-20 12:44:16.250000,nan
2021-03-20 12:44:16.500000,nan
2021-03-20 12:44:16.750000,nan
2021-03-20 12:44:17,nan
2021-03-20 12:44:17.250000,nan
2021-03-20 12:44:17.500000,nan
2021-03-20 12:44:17.750000,nan
2021-03-20 12:44:18,nan
2021-03-20 12:44:18.250000,nan
2021-03-20 12:44:18.500000,nan
2021-03-20 12:44:18.750000,nan
2021-03-20 12:44:19,nan
2021-03-20 12:44:19.250000,nan
2021-03-20 12:44:19.500000,nan
2021-03-20 12:44:19.750000,nan
2021-03-20 12:44:20,nan
2021-03-20 12:44:20.250000,nan
2021-03-20 12:44:20.500000,nan
2021-03-20 12:44:20.750000,nan
2021-03-20 12:44:21,nan
2021-03-20 12:44:21.250000,nan
2021-03-20 12:44:21.500000,nan
2021-03-20 12:44:21.750000,nan
2021-03-20 12:44:22,nan
2021-03-20 12:44:22.250000,nan
2021-03-20 12:44:22.500000,nan
2021-03-20 12:44:22.750000,nan
2021-03-20 12:44:23,nan
2021-03-20 12:44:23.250000,nan
2021-03-20 12:44:23.500000,nan
2021-03-20 12:44:23.750000,nan
2021-03-20 12:44:24,nan
2021-03-20 12:44:24.250000,nan
2021-03-20 12:44:24.500000,nan
2021-03-20 12:44:24.750000,nan
2021-03-20 12:44:25,nan
2021-03-20 12:44:25.250000,nan
2021-03-20 12:44:25.500000,nan
2021-03-20 12:44:25.750000,nan
2021-03-20 12:44:26,nan
2021-03-20 12:44:26.250000,nan
2021-03-20 12:44:26.500000,nan
2021-03-20 12:44:26.750000,nan
2021-03-20 12:44:27,nan
2021-03-20 12:44:27.250000,nan
2021-03-20 12:44:27.500000,nan
2021-03-20 12:44:27.750000,nan
2021-03-20 12:44:28,nan
2021-03-20 12:44:28.250000,nan
2021-03-20 12:44:28.500000,nan
2021-03-20 12:44:28.750000,nan
2021-03-20 12:44:29,nan
2021-03-20 12:44:29.250000,nan
2021-03-20 12:44:29.500000,nan
2021-03-20 12:44:29.750000,nan
2021-03-20 12:44:30,nan
2021-03-20 12:44:30.250000,nan
2021-03-20 12:44:30.500000,nan
2021-03-20 12:44:30.750000,nan
2021-03-20 12:44:31,nan
2021-03-20 12:44:31.250000,nan
2021-03-20 12:44:31.500000,nan
2021-03-20 12:44:31.750000,nan
2021-03-20 12:44:32,nan
2021-03-20 12:44:32.250000,nan
2021-03-20 12:44:32.500000,nan
2021-03-20 12:44:32.750000,nan
2021-03-20 12:44:33,nan
2021-03-20 12:44:33.250000,nan
2021-03-20 12:44:33.500000,nan
2021-03-20 12:44:33.750000,nan
2021-03-20 12:44:34,nan
2021-03-20 12:44:34.250000,nan
2021-03-20 12:44:34.500000,nan
2021-03-20 12:44:34.750000,nan
2021-03-20 12:44:35,nan
2021-03-20 12:44:35.250000,nan
2021-03-20 12:44:35.500000,nan
2021-03-20 12:44:35.750000,nan
2021-03-20 12:44:36,nan
2021-03-20 12:44:36.250000,nan
2021-03-20 12:44:36.500000,nan
2021-03-20 12:44:36.750000,nan
2021-03-20 12:44:37,nan
2021-03-20 12:44:37.250000,nan
2021-03-20 12:44:37.500000,nan
2021-03-20 12:44:37.750000,nan
2021-03-20 12:44:38,nan
2021-03-20 12:44:38.250000,nan
2021-03-20 12:44:38.500000,nan
2021-03-20 12:44:38.750000,nan
2021-03-20 12:44:39,nan
2021-03-20 12:44:39.250000,nan
2021-03-20 12:44:39.500000,nan
2021-03-20 12:44:39.750000,nan
2021-03-20 12:44:40,nan
2021-03-20 12:44:40.250000,nan
2021-03-20 12:44:40.500000,nan
2021-03-20 12:44:40.750000,nan
2021-03-20 12:44:41,nan
2021-03-20 12:44:41.250000,nan
2021-03-20 12:44:41.500000,nan
2021-03-20 12:44:41.750000,nan
2021-03-20 12:44:42,nan
2021-03-20 12:44:42.250000,nan
2021-03-20 12:44:42.500000,nan
2021-03-20 12:44:42.750000,nan
2021-03-20 12:44:43,nan
2021-03-20 12:44:43.250000,nan
2021-03-20 12:44:43.500000,nan
2021-03-20 12:44:43.750000,nan
2021-03-20 12:44:44,nan
2021-03-20 12:44:44.250000,nan
2021-03-20 12:44:44.500000,nan
2021-03-20 12:44:44.750000,nan
2021-03-20 12:44:45,nan
2021-03-20 12:44:45.250000,nan
2021-03-20 12:44:45.500000,nan
2021-03-20 12:44:45.750000,nan
2021-03-20 12:44:46,nan
2021-03-20 12:44:46.250000,nan
2021-03-20 12:44:46.500000,nan
2021-03-20 12:44:46.750000,nan
2021-03-20 12:44:47,nan
2021-03-20 12:44:47.250000,nan
2021-03-20 12:44:47.500000,nan
2021-03-20 12:44:47.750000,nan
2021-03-20 12:44:48,nan
2021-03-20 12:44:48.250000,nan
2021-03-20 12:44:48.500000,nan
2021-03-20 12:44:48.750000,nan
2021-03-20 12:44:49,nan
2021-03-20 12:44:49.250000,nan
2021-03-20 12:44:49.500000,nan
2021-03-20 12:44:49.750000,nan
2021-03-20 12:44:50,nan
2021-03-20 12:44:50.250000,nan
2021-03-20 12:44:50.500000,nan
2021-03-20 12:44:50.750000,nan
2021-03-20 12:44:51,nan
2021-03-20 12:44:51.250000,nan
2021-03-20 12:44:51.500000,nan
2021-03-20 12:44:51.750000,nan
2021-03-20 12:44:52,nan
2021-03-20 12:44:52.250000,nan
2021-03-20 12:44:52.500000,nan
2021-03-20 12:44:52.750000,nan
2021-03-20 12:44:53,nan
2021-03-20 12:44:53.250000,nan
2021-03-20 12:44:53.500000,nan
2021-03-20 12:44:53.750000,nan
2021-03-20 12:44:54,nan
2021-03-20 12:44:54.250000,nan
2021-03-20 12:44:54.500000,nan
2021-03-20 12:44:54.750000,nan
2021-03-20 12:44:55,nan
2021-03-20 12:44:55.250000,nan
2021-03-20 12:44:55.500000,nan
2021-03-20 12:44:55.750000,nan
2021-03-20 12:44:56,nan
2021-03-20 12:44:56.250000,nan
2021-03-20 12:44:56.500000,nan
2021-03-20 12:44:56.750000,nan
2021-03-20 12:44:57,nan
2021-03-20 12:44:57.250000,nan
2021-03-20 12:44:57.500000,nan
2021-03-20 12:44:57.750000,nan
2021-03-20 12:44:58,nan
2021-03-20 12:44:58.250000,nan
2021-03-20 12:44:58.500000,nan
2021-03-20 12:44:58.750000,nan
2021-03-20 12:44:59,nan
2021-03-20 12:44:59.250000,nan
2021-03-20 12:44:59.500000,nan
2021-03-20 12:44:59.750000,nan
2021-03-20 12:45:00,nan
2021-03-20 12:45:00.250000,nan
2021-03-20 12:45:00.500000,nan
2021-03-20 12:45:00.750000,nan
2021-03-20 12:45:01,nan
2021-03-20 12:45:01.250000,nan
2021-03-20 12:45:01.500000,nan
2021-03-20 12:45:01.750000,nan
2021-03-20 12:45:02,nan
2021-03-20 12:45:02.250000,nan
2021-03-20 12:45:02.500000,nan
2021-03-20 12:45:02.750000,nan
2021-03-20 12:45:03,nan
2021-03-20 12:45:03.250000,nan
2021-03-20 12:45:03.500000,nan
2021-03-20 12:45:03.750000,nan
2021-03-20 12:45:04,nan
2021-03-20 12:45:04.250000,nan
2021-03-20 12:45:04.500000,nan
2021-03-20 12:45:04.750000,nan
2021-03-20 12:45:05,nan
2021-03-20 12:45:05.250000,nan
2021-03-20 12:45:05.500000,nan
2021-03-20 12:45:05.750000,nan
2021-03-20 12:45:06,nan
2021-03-20 12:45:06.250000,nan
2021-03-20 12:45:06.500000,nan
2021-03-20 12:45:06.750000,nan
2021-03-20 12:45:07,nan
2021-03-20 12:45:07.250000,nan
2021-03-20 12:45:07.500000,nan
2021-03-20 12:45:07.750000,nan
2021-03-20 12:45:08,nan
2021-03-20 12:45:08.250000,nan
2021-03-20 12:45:08.500000,nan
2021-03-20 12:45:08.750000,nan
2021-03-20 12:45:09,nan
2021-03-20 12:45:09.250000,nan
2021-03-20 12:45:09.500000,nan
2021-03-20 12:45:09.750000,nan
2021-03-20 12:45:10,nan
2021-03-20 12:45:10.250000,nan
2021-03-20 12:45:10.500000,nan
2021-03-20 12:45:10.750000,nan
2021-03-20 12:45:11,nan
2021-03-20 12:45:11.250000,nan
2021-03-20 12:45:11.500000,nan
2021-03-20 12:45:11.750000,nan
2021-03-20 12:45:12,nan
2021-03-20 12:45:12.250000,nan
2021-03-20 12:45:12.500000,nan
2021-03-20 12:45:12.750000,nan
2021-03-20 12:45:13,nan
2021-03-20 12:45:13.250000,nan
2021-03-20 12:45:13.500000,nan
2021-03-20 12:45:13.750000,nan
2021-03-20 12:45:14,nan
2021-03-20 12:45:14.250000,nan
2021-03-20 12:45:14.500000,nan
2021-03-20 12:45:14.750000,nan
2021-03-20 12:45:15,nan
2021-03-20 12:45:15.250000,nan
2021-03-20 12:45:15.500000,nan
2021-03-20 12:45:15.750000,nan
2021-03-20 12:45:16,nan
2021-03-20 12:45:16.250000,nan
2021-03-20 12:45:16.500000,nan
2021-03-20 12:45:16.750000,nan
2021-03-20 12:45:17,nan
2021-03-20 12:45:17.250000,nan
2021-03-20 12:45:17.500000,nan
2021-03-20 12:45:17.750000,nan
2021-03-20 12:45:18,nan
2021-03-20 12:45:18.250000,nan
2021-03-20 12:45:18.500000,nan
2021-03-20 12:45:18.750000,nan
2021-03-20 12:45:19,nan
2021-03-20 12:45:19.250000,nan
2021-03-20 12:45:19.500000,nan
2021-03-20 12:45:19.750000,nan
2021-03-20 12:45:20,nan
2021-03-20 12:45:20.250000,nan
2021-03-20 12:45:20.500000,nan
2021-03-20 12:45:20.750000,nan
2021-03-20 12:45:21,nan
2021-03-20 12:45:21.250000,nan
2021-03-20 12:45:21.500000,nan
2021-03-20 12:45:21.750000,nan
2021-03-20 12:45:22,nan
2021-03-20 12:45:22.250000,nan
2021-03-20 12:45:22.500000,nan
2021-03-20 12:45:22.750000,nan
2021-03-20 12:45:23,nan
2021-03-20 12:45:23.250000,nan
2021-03-20 12:45:23.500000,nan
2021-03-20 12:45:23.750000,nan
2021-03-20 12:45:24,nan
2021-03-20 12:45:24.250000,nan
2021-03-20 12:45:24.500000,nan
2021-03-20 12:45:24.750000,nan
2021-03-20 12:45:25,nan
2021-03-20 12:45:25.250000,nan
2021-03-20 12:45:25.500000,nan
2021-03-20 12:45:25.750000,nan
2021-03-20 12:45:26,nan
2021-03-20 12:45:26.250000,nan
2021-03-20 12:45:26.500000,nan
2021-03-20 12:45:26.750000,nan
2021-03-20 12:45:27,nan
2021-03-20 12:45:27.250000,nan
2021-03-20 12:45:27.500000,nan
2021-03-20 12:45:27.750000,nan
2021-03-20 12:45:28,nan
2021-03-20 12:45:28.250000,nan
2021-03-20 12:45:28.500000,nan
2021-03-20 12:45:28.750000,nan
2021-03-20 12:45:29,nan
2021-03-20 12:45:29.250000,nan
2021-03-20 12:45:29.500000,nan
2021-03-20 12:45:29.750000,nan
2021-03-20 12:45:30,nan
2021-03-20 12:45:30.250000,nan
2021-03-20 12:45:30.500000,nan
2021-03-20 12:45:30.750000,nan
2021-03-20 12:45:31,nan
2021-03-20 12:45:31.250000,nan
2021-03-20 12:45:31.500000,nan
2021-03-20 12:45:31.750000,nan
2021-03-20 12:45:32,nan
2021-03-20 12:45:32.250000,nan
2021-03-20 12:45:32.500000,nan
2021-03-20 12:45:32.750000,nan
2021-03-20 12:45:33,nan
2021-03-20 12:45:33.250000,nan
2021-03-20 12:45:33.500000,nan
2021-03-20 12:45:33.750000,nan
2021-03-20 12:45:34,nan
2021-03-20 12:45:34.250000,nan
2021-03-20 12:45:34.500000,nan
2021-03-20 12:45:34.750000,nan
2021-03-20 12:45:35,nan
2021-03-20 12:45:35.250000,nan
2021-03-20 12:45:35.500000,nan
2021-03-20 12:45:35.750000,nan
2021-03-20 12:45:36,nan
2021-03-20 12:45:36.250000,nan
2021-03-20 12:45:36.500000,nan
2021-03-20 12:45:36.750000,nan
2021-03-20 12:45:37,nan
2021-03-20 12:45:37.250000,nan
2021-03-20 12:45:37.500000,nan
2021-03-20 12:45:37.750000,nan
2021-03-20 12:45:38,nan
2021-03-20 12:45:38.250000,nan
2021-03-20 12:45:38.500000,nan
2021-03-20 12:45:38.750000,nan
2021-03-20 12:45:39,nan
2021-03-20 12:45:39.250000,nan
2021-03-20 12:45:39.500000,nan
2021-03-20 12:45:39.750000,nan
2021-03-20 12:45:40,nan
2021-03-20 12:45:40.250000,nan
2021-03-20 12:45:40.500000,nan
2021-03-20 12:45:40.750000,nan
2021-03-20 12:45:41,nan
2021-03-20 12:45:41.250000,nan
2021-03-20 12:45:41.500000,nan
2021-03-20 12:45:41.750000,nan
2021-03-20 12:45:42,nan
2021-03-20 12:45:42.250000,nan
2021-03-20 12:45:42.500000,nan
2021-03-20 12:45:42.750000,nan
2021-03-20 12:45:43,nan
2021-03-20 12:45:43.250000,nan
2021-03-20 12:45:43.500000,nan
2021-03-20 12:45:43.750000,nan
2021-03-20 12:45:44,nan
2021-03-20 12:45:44.250000,nan
2021-03-20 12:45:44.500000,nan
2021-03-20 12:45:44.750000,nan
2021-03-20 12:45:45,nan
2021-03-20 12:45:45.250000,nan
2021-03-20 12:45:45.500000,nan
2021-03-20 12:45:45.750000,nan
2021-03-20 12:45:46,nan
2021-03-20 12:45:46.250000,nan
2021-03-20 12:45:46.500000,nan
2021-03-20 12:45:46.750000,nan
2021-03-20 12:45:47,nan
2021-03-20 12:45:47.250000,nan
2021-03-20 12:45:47.500000,nan
2021-03-20 12:45:47.750000,nan
2021-03-20 12:45:48,nan
2021-03-20 12:45:48.250000,nan
2021-03-20 12:45:48.500000,nan
2021-03-20 12:45:48.750000,nan
2021-03-20 12:45:49,nan
2021-03-20 12:45:49.250000,nan
2021-03-20 12:45:49.500000,nan
2021-03-20 12:45:49.750000,nan
2021-03-20 12:45:50,nan
2021-03-20 12:45:50.250000,nan
2021-03-20 12:45:50.500000,nan
2021-03-20 12:45:50.750000,nan
2021-03-20 12:45:51,nan
2021-03-20 12:45:51.250000,nan
2021-03-20 12:45:51.500000,nan
2021-03-20 12:45:51.750000,nan
2021-03-20 12:45:52,nan
2021-03-20 12:45:52.250000,nan
2021-03-20 12:45:52.500000,nan
2021-03-20 12:45:52.750000,nan
2021-03-20 12:45:53,nan
2021-03-20 12:45:53.250000,nan
2021-03-20 12:45:53.500000,nan
2021-03-20 12:45:53.750000,nan
2021-03-20 12:45:54,nan
2021-03-20 12:45:54.250000,nan
2021-03-20 12:45:54.500000,nan
2021-03-20 12:45:54.750000,nan
2021-03-20 12:45:55,nan
2021-03-20 12:45:55.250000,nan
2021-03-20 12:45:55.500000,nan
2021-03-20 12:45:55.750000,nan
2021-03-20 12:45:56,nan
2021-03-20 12:45:56.250000,nan
2021-03-20 12:45:56.500000,nan
2021-03-20 12:45:56.750000,nan
2021-03-20 12:45:57,nan
2021-03-20 12:45:57.250000,nan
2021-03-20 12:45:57.500000,nan
2021-03-20 12:45:57.750000,nan
2021-03-20 12:45:58,nan
2021-03-20 12:45:58.250000,nan
2021-03-20 12:45:58.500000,nan
2021-03-20 12:45:58.750000,nan
2021-03-20 12:45:59,nan
2021-03-20 12:45:59.250000,nan
2021-03-20 12:45:59.500000,nan
2021-03-20 12:45:59.750000,nan
2021-03-20 12:46:00,nan
2021-03-20 12:46:00.250000,nan
2021-03-20 12:46:00.500000,nan
2021-03-20 12:46:00.750000,nan
2021-03-20 12:46:01,nan
2021-03-20 12:46:01.250000,nan
2021-03-20 12:46:01.500000,nan
2021-03-20 12:46:01.750000,nan
2021-03-20 12:46:02,nan
2021-03-20 12:46:02.250000,nan
2021-03-20 12:46:02.500000,nan
2021-03-20 12:46:02.750000,nan
2021-03-20 12:46:03,nan
2021-03-20 12:46:03.250000,nan
2021-03-20 12:46:03.500000,nan
2021-03-20 12:46:03.750000,nan
2021-03-20 12:46:04,nan
2021-03-20 12:46:04.250000,nan
2021-03-20 12:46:04.500000,nan
2021-03-20 12:46:04.750000,nan
2021-03-20 12:46:05,nan
2021-03-20 12:46:05.250000,nan
2021-03-20 12:46:05.500000,nan
2021-03-20 12:46:05.750000,nan
2021-03-20 12:46:06,nan
2021-03-20 12:46:06.250000,nan
2021-03-20 12:46:06.500000,nan
2021-03-20 12:46:06.750000,nan
2021-03-20 12:46:07,nan
2021-03-20 12:46:07.250000,nan
2021-03-20 12:46:07.500000,nan
2021-03-20 12:46:07.750000,nan
2021-03-20 12:46:08,nan
2021-03-20 12:46:08.250000,nan
2021-03-20 12:46:08.500000,nan
2021-03-20 12:46:08.750000,nan
2021-03-20 12:46:09,nan
2021-03-20 12:46:09.250000,nan
2021-03-20 12:46:09.500000,nan
2021-03-20 12:46:09.750000,nan
2021-03-20 12:46:10,nan
2021-03-20 12:46:10.250000,nan
2021-03-20 12:46:10.500000,nan
2021-03-20 12:46:10.750000,nan
2021-03-20 12:46:11,nan
2021-03-20 12:46:11.250000,nan
2021-03-20 12:46:11.500000,nan
2021-03-20 12:46:11.750000,nan
2021-03-20 12:46:12,nan
2021-03-20 12:46:12.250000,nan
2021-03-20 12:46:12.500000,nan
2021-03-20 12:46:12.750000,nan
2021-03-20 12:46:13,nan
2021-03-20 12:46:13.250000,nan
2021-03-20 12:46:13.500000,nan
2021-03-20 12:46:13.750000,nan
2021-03-20 12:46:14,nan
2021-03-20 12:46:14.250000,nan
2021-03-20 12:46:14.500000,nan
2021-03-20 12:46:14.750000,nan
2021-03-20 12:46:15,nan
2021-03-20 12:46:15.250000,nan
2021-03-20 12:46:15.500000,nan
2021-03-20 12:46:15.750000,nan
2021-03-20 12:46:16,nan
2021-03-20 12:46:16.250000,nan
2021-03-20 12:46:16.500000,nan
2021-03-20 12:46:16.750000,nan
2021-03-20 12:46:17,nan
2021-03-20 12:46:17.250000,nan
2021-03-20 12:46:17.500000,nan
2021-03-20 12:46:17.750000,nan
2021-03-20 12:46:18,nan
2021-03-20 12:46:18.250000,nan
2021-03-20 12:46:18.500000,nan
2021-03-20 12:46:18.750000,nan
2021-03-20 12:46:19,nan
2021-03-20 12:46:19.250000,nan
2021-03-20 12:46:19.500000,nan
2021-03-20 12:46:19.750000,nan
2021-03-20 12:46:20,nan
2021-03-20 12:46:20.250000,nan
2021-03-20 12:46:20.500000,nan
2021-03-20 12:46:20.750000,nan
2021-03-20 12:46:21,nan
2021-03-20 12:46:21.250000,nan
2021-03-20 12:46:21.500000,nan
2021-03-20 12:46:21.750000,nan
2021-03-20 12:46:22,nan
2021-03-20 12:46:22.250000,nan
2021-03-20 12:46:22.500000,nan
2021-03-20 12:46:22.750000,nan
2021-03-20 12:46:23,nan
2021-03-20 12:46:23.250000,nan
2021-03-20 12:46:23.500000,nan
2021-03-20 12:46:23.750000,nan
2021-03-20 12:46:24,nan
2021-03-20 12:46:24.250000,nan
2021-03-20 12:46:24.500000,nan
2021-03-20 12:46:24.750000,nan
2021-03-20 12:46:25,nan
2021-03-20 12:46:25.250000,nan
2021-03-20 12:46:25.500000,nan
2021-03-20 12:46:25.750000,nan
2021-03-20 12:46:26,nan
2021-03-20 12:46:26.250000,nan
2021-03-20 12:46:26.500000,nan
2021-03-20 12:46:26.750000,nan
2021-03-20 12:46:27,nan
2021-03-20 12:46:27.250000,nan
2021-03-20 12:46:27.500000,nan
2021-03-20 12:46:27.750000,nan
2021-03-20 12:46:28,nan
2021-03-20 12:46:28.250000,nan
2021-03-20 12:46:28.500000,nan
2021-03-20 12:46:28.750000,nan
2021-03-20 12:46:29,nan
2021-03-20 12:46:29.250000,nan
2021-03-20 12:46:29.500000,nan
2021-03-20 12:46:29.750000,nan
2021-03-20 12:46:30,nan
2021-03-20 12:46:30.250000,nan
2021-03-20 12:46:30.500000,nan
2021-03-20 12:46:30.750000,nan
2021-03-20 12:46:31,nan
2021-03-20 12:46:31.250000,nan
2021-03-20 12:46:31.500000,nan
2021-03-20 12:46:31.750000,nan
2021-03-20 12:46:32,nan
2021-03-20 12:46:32.250000,nan
2021-03-20 12:46:32.500000,nan
2021-03-20 12:46:32.750000,nan
2021-03-20 12:46:33,nan
2021-03-20 12:46:33.250000,nan
2021-03-20 12:46:33.500000,nan
2021-03-20 12:46:33.750000,nan
2021-03-20 12:46:34,nan
2021-03-20 12:46:34.250000,nan
2021-03-20 12:46:34.500000,nan
2021-03-20 12:46:34.750000,nan
2021-03-20 12:46:35,nan
2021-03-20 12:46:35.250000,nan
2021-03-20 12:46:35.500000,nan
2021-03-20 12:46:35.750000,nan
2021-03-20 12:46:36,nan
2021-03-20 12:46:36.250000,nan
2021-03-20 12:46:36.500000,nan
2021-03-20 12:46:36.750000,nan
2021-03-20 12:46:37,nan
2021-03-20 12:46:37.250000,nan
2021-03-20 12:46:37.500000,nan
2021-03-20 12:46:37.750000,nan
2021-03-20 12:46:38,nan
2021-03-20 12:46:38.250000,nan
2021-03-20 12:46:38.500000,nan
2021-03-20 12:46:38.750000,nan
2021-03-20 12:46:39,nan
2021-03-20 12:46:39.250000,nan
2021-03-20 12:46:39.500000,nan
2021-03-20 12:46:39.750000,nan
2021-03-20 12:46:40,nan
2021-03-20 12:46:40.250000,nan
2021-03-20 12:46:40.500000,nan
2021-03-20 12:46:40.750000,nan
2021-03-20 12:46:41,nan
2021-03-20 12:46:41.250000,nan
2021-03-20 12:46:41.500000,nan
2021-03-20 12:46:41.750000,nan
2021-03-20 12:46:42,nan
2021-03-20 12:46:42.250000,nan
2021-03-20 12:46:42.500000,nan
2021-03-20 12:46:42.750000,nan
2021-03-20 12:46:43,nan
2021-03-20 12:46:43.250000,nan
2021-03-20 12:46:43.500000,nan
2021-03-20 12:46:43.750000,nan
2021-03-20 12:46:44,nan
2021-03-20 12:46:44.250000,nan
2021-03-20 12:46:44.500000,nan
2021-03-20 12:46:44.750000,nan
2021-03-20 12:46:45,nan
2021-03-20 12:46:45.250000,nan
2021-03-20 12:46:45.500000,nan
2021-03-20 12:46:45.750000,nan
2021-03-20 12:46:46,nan
2021-03-20 12:46:46.250000,nan
2021-03-20 12:46:46.500000,nan
2021-03-20 12:46:46.750000,nan
2021-03-20 12:46:47,nan
2021-03-20 12:46:47.250000,nan
2021-03-20 12:46:47.500000,nan
2021-03-20 12:46:47.750000,nan
2021-03-20 12:46:48,nan
2021-03-20 12:46:48.250000,nan
2021-03-20 12:46:48.500000,nan
2021-03-20 12:46:48.750000,nan
2021-03-20 12:46:49,nan
2021-03-20 12:46:49.250000,nan
2021-03-20 12:46:49.500000,nan
2021-03-20 12:46:49.750000,nan
2021-03-20 12:46:50,nan
2021-03-20 12:46:50.250000,nan
2021-03-20 12:46:50.500000,nan
2021-03-20 12:46:50.750000,nan
2021-03-20 12:46:51,nan
2021-03-20 12:46:51.250000,nan
2021-03-20 12:46:51.500000,nan
2021-03-20 12:46:51.750000,nan
2021-03-20 12:46:52,nan
2021-03-20 12:46:52.250000,nan
2021-03-20 12:46:52.500000,nan
2021-03-20 12:46:52.750000,nan
2021-03-20 12:46:53,nan
2021-03-20 12:46:53.250000,nan
2021-03-20 12:46:53.500000,nan
2021-03-20 12:46:53.750000,nan
2021-03-20 12:46:54,nan
2021-03-20 12:46:54.250000,nan
2021-03-20 12:46:54.500000,nan
2021-03-20 12:46:54.750000,nan
2021-03-20 12:46:55,nan
2021-03-20 12:46:55.250000,nan
2021-03-20 12:46:55.500000,nan
2021-03-20 12:46:55.750000,nan
2021-03-20 12:46:56,nan
2021-03-20 12:46:56.250000,nan
2021-03-20 12:46:56.500000,nan
2021-03-20 12:46:56.750000,nan
2021-03-20 12:46:57,nan
2021-03-20 12:46:57.250000,nan
2021-03-20 12:46:57.500000,nan
2021-03-20 12:46:57.750000,nan
2021-03-20 12:46:58,nan
2021-03-20 12:46:58.250000,nan
2021-03-20 12:46:58.500000,nan
2021-03-20 12:46:58.750000,nan
2021-03-20 12:46:59,nan
2021-03-20 12:46:59.250000,nan
2021-03-20 12:46:59.500000,nan
2021-03-20 12:46:59.750000,nan
2021-03-20 12:47:00,nan
2021-03-20 12:47:00.250000,nan
2021-03-20 12:47:00.500000,nan
2021-03-20 12:47:00.750000,nan
2021-03-20 12:47:01,nan
2021-03-20 12:47:01.250000,nan
2021-03-20 12:47:01.500000,nan
2021-03-20 12:47:01.750000,nan
2021-03-20 12:47:02,nan
2021-03-20 12:47:02.250000,nan
2021-03-20 12:47:02.500000,nan
2021-03-20 12:47:02.750000,nan
2021-03-20 12:47:03,nan
2021-03-20 12:47:03.250000,nan
2021-03-20 12:47:03.500000,nan
2021-03-20 12:47:03.750000,nan
2021-03-20 12:47:04,nan
2021-03-20 12:47:04.250000,nan
2021-03-20 12:47:04.500000,nan
2021-03-20 12:47:04.750000,nan
2021-03-20 12:47:05,nan
2021-03-20 12:47:05.250000,nan
2021-03-20 12:47:05.500000,nan
2021-03-20 12:47:05.750000,nan
2021-03-20 12:47:06,nan
2021-03-20 12:47:06.250000,nan
2021-03-20 12:47:06.500000,nan
2021-03-20 12:47:06.750000,nan
2021-03-20 12:47:07,nan
2021-03-20 12:47:07.250000,nan
2021-03-20 12:47:07.500000,nan
2021-03-20 12:47:07.750000,nan
2021-03-20 12:47:08,nan
2021-03-20 12:47:08.250000,nan
2021-03-20 12:47:08.500000,nan
2021-03-20 12:47:08.750000,nan
2021-03-20 12:47:09,nan
2021-03-20 12:47:09.250000,nan
2021-03-20 12:47:09.500000,nan
2021-03-20 12:47:09.750000,nan
2021-03-20 12:47:10,nan
2021-03-20 12:47:10.250000,nan
2021-03-20 12:47:10.500000,nan
2021-03-20 12:47:10.750000,nan
2021-03-20 12:47:11,nan
2021-03-20 12:47:11.250000,nan
2021-03-20 12:47:11.500000,nan
2021-03-20 12:47:11.750000,nan
2021-03-20 12:47:12,nan
2021-03-20 12:47:12.250000,nan
2021-03-20 12:47:12.500000,nan
2021-03-20 12:47:12.750000,nan
2021-03-20 12:47:13,nan
2021-03-20 12:47:13.250000,nan
2021-03-20 12:47:13.500000,nan
2021-03-20 12:47:13.750000,nan
2021-03-20 12:47:14,nan
2021-03-20 12:47:14.250000,nan
2021-03-20 12:47:14.500000,nan
2021-03-20 12:47:14.750000,nan
2021-03-20 12:47:15,nan
2021-03-20 12:47:15.250000,nan
2021-03-20 12:47:15.500000,nan
2021-03-20 12:47:15.750000,nan
2021-03-20 12:47:16,nan
2021-03-20 12:47:16.250000,nan
2021-03-20 12:47:16.500000,nan
2021-03-20 12:47:16.750000,nan
2021-03-20 12:47:17,nan
2021-03-20 12:47:17.250000,nan
2021-03-20 12:47:17.500000,nan
2021-03-20 12:47:17.750000,nan
2021-03-20 12:47:18,nan
2021-03-20 12:47:18.250000,nan
2021-03-20 12:47:18.500000,nan
2021-03-20 12:47:18.750000,nan
2021-03-20 12:47:19,nan
2021-03-20 12:47:19.250000,nan
2021-03-20 12:47:19.500000,nan
2021-03-20 12:47:19.750000,nan
2021-03-20 12:47:20,nan
2021-03-20 12:47:20.250000,nan
2021-03-20 12:47:20.500000,nan
2021-03-20 12:47:20.750000,nan
2021-03-20 12:47:21,nan
2021-03-20 12:47:21.250000,nan
2021-03-20 12:47:21.500000,nan
2021-03-20 12:47:21.750000,nan
2021-03-20 12:47:22,nan
2021-03-20 12:47:22.250000,nan
2021-03-20 12:47:22.500000,nan
2021-03-20 12:47:22.750000,nan
2021-03-20 12:47:23,nan
2021-03-20 12:47:23.250000,nan
2021-03-20 12:47:23.500000,nan
2021-03-20 12:47:23.750000,nan
2021-03-20 12:47:24,nan
2021-03-20 12:47:24.250000,nan
2021-03-20 12:47:24.500000,nan
2021-03-20 12:47:24.750000,nan
2021-03-20 12:47:25,nan
2021-03-20 12:47:25.250000,nan
2021-03-20 12:47:25.500000,nan
2021-03-20 12:47:25.750000,nan
2021-03-20 12:47:26,nan
2021-03-20 12:47:26.250000,nan
2021-03-20 12:47:26.500000,nan
2021-03-20 12:47:26.750000,nan
2021-03-20 12:47:27,nan
2021-03-20 12:47:27.250000,nan
2021-03-20 12:47:27.500000,nan
2021-03-20 12:47:27.750000,nan
2021-03-20 12:47:28,nan
2021-03-20 12:47:28.250000,nan
2021-03-20 12:47:28.500000,nan
2021-03-20 12:47:28.750000,nan
2021-03-20 12:47:29,nan
2021-03-20 12:47:29.250000,nan
2021-03-20 12:47:29.500000,nan
2021-03-20 12:47:29.750000,nan
